Date,SignalSource,Pattern,SignalType,EMA_Trend,MACD_Trend,RSI_State,CMF_State,Move_1D,Move_2D,Move_3D,Direction_1D,Direction_2D,Direction_3D,Symbol,Company,SuccessFlag_1D,SuccessFlag_2D,SuccessFlag_3D
2025-02-04,Indicator,EMA_Trend,Bearish,Bearish,Bearish,Neutral,Negative,-0.01531182370207973,0.0068467572308956726,0.0009958767647524347,-1,1,1,AGARWALEYE,,1,0,0
2025-02-04,Indicator,MACD_Trend,Bearish,Bearish,Bearish,Neutral,Negative,-0.01531182370207973,0.0068467572308956726,0.0009958767647524347,-1,1,1,AGARWALEYE,,1,0,0
2025-02-04,Indicator,CMF_State,Negative,Bearish,Bearish,Neutral,Negative,-0.01531182370207973,0.0068467572308956726,0.0009958767647524347,-1,1,1,AGARWALEYE,,0,0,0
2025-02-05,Indicator,EMA_Trend,Bearish,Bearish,Bearish,Neutral,Negative,0.022503145123854207,0.016561283926596282,0.018457617681337135,1,1,1,AGARWALEYE,,0,0,0
2025-02-05,Indicator,MACD_Trend,Bearish,Bearish,Bearish,Neutral,Negative,0.022503145123854207,0.016561283926596282,0.018457617681337135,1,1,1,AGARWALEYE,,0,0,0
2025-02-05,Indicator,CMF_State,Negative,Bearish,Bearish,Neutral,Negative,0.022503145123854207,0.016561283926596282,0.018457617681337135,1,1,1,AGARWALEYE,,0,0,0
2025-02-06,Indicator,EMA_Trend,Bearish,Bearish,Bearish,Neutral,Negative,-0.005811093320928995,-0.003956493886409729,0.006058388338300524,-1,-1,1,AGARWALEYE,,1,1,0
2025-02-06,Indicator,MACD_Trend,Bearish,Bearish,Bearish,Neutral,Negative,-0.005811093320928995,-0.003956493886409729,0.006058388338300524,-1,-1,1,AGARWALEYE,,1,1,0
2025-02-06,Indicator,CMF_State,Negative,Bearish,Bearish,Neutral,Negative,-0.005811093320928995,-0.003956493886409729,0.006058388338300524,-1,-1,1,AGARWALEYE,,0,0,0
2025-02-07,Indicator,EMA_Trend,Bearish,Bearish,Bearish,Neutral,Negative,0.0018654396785759975,0.011938859485847164,0.0585748514502471,1,1,1,AGARWALEYE,,0,0,0
2025-02-07,Indicator,MACD_Trend,Bearish,Bearish,Bearish,Neutral,Negative,0.0018654396785759975,0.011938859485847164,0.0585748514502471,1,1,1,AGARWALEYE,,0,0,0
2025-02-07,Indicator,CMF_State,Negative,Bearish,Bearish,Neutral,Negative,0.0018654396785759975,0.011938859485847164,0.0585748514502471,1,1,1,AGARWALEYE,,0,0,0
2025-02-10,Indicator,EMA_Trend,Bearish,Bearish,Bearish,Neutral,Negative,0.010054663439136968,0.05660382075846937,0.11469715394027546,1,1,1,AGARWALEYE,,0,0,0
2025-02-10,Indicator,MACD_Trend,Bearish,Bearish,Bearish,Neutral,Negative,0.010054663439136968,0.05660382075846937,0.11469715394027546,1,1,1,AGARWALEYE,,0,0,0
2025-02-10,Indicator,CMF_State,Negative,Bearish,Bearish,Neutral,Negative,0.010054663439136968,0.05660382075846937,0.11469715394027546,1,1,1,AGARWALEYE,,0,0,0
2025-02-11,Indicator,EMA_Trend,Bearish,Bearish,Bearish,Neutral,Negative,0.04608578030899535,0.10360081913273977,0.07902173630127551,1,1,1,AGARWALEYE,,0,0,0
2025-02-11,Indicator,MACD_Trend,Bearish,Bearish,Bearish,Neutral,Negative,0.04608578030899535,0.10360081913273977,0.07902173630127551,1,1,1,AGARWALEYE,,0,0,0
2025-02-11,Indicator,CMF_State,Negative,Bearish,Bearish,Neutral,Negative,0.04608578030899535,0.10360081913273977,0.07902173630127551,1,1,1,AGARWALEYE,,0,0,0
2025-02-12,Indicator,EMA_Trend,Bearish,Bearish,Bearish,Neutral,Negative,0.05498118787806816,0.03148494761352327,-0.0021146472828419416,1,1,-1,AGARWALEYE,,0,0,1
2025-02-12,Indicator,MACD_Trend,Bearish,Bearish,Bearish,Neutral,Negative,0.05498118787806816,0.03148494761352327,-0.0021146472828419416,1,1,-1,AGARWALEYE,,0,0,1
2025-02-12,Indicator,CMF_State,Negative,Bearish,Bearish,Neutral,Negative,0.05498118787806816,0.03148494761352327,-0.0021146472828419416,1,1,-1,AGARWALEYE,,0,0,0
2025-02-13,Indicator,EMA_Trend,Bearish,Bearish,Bearish,Neutral,Negative,-0.022271714922049046,-0.05412024007342697,-0.07171494923614963,-1,-1,-1,AGARWALEYE,,1,1,1
2025-02-13,Indicator,MACD_Trend,Bearish,Bearish,Bearish,Neutral,Negative,-0.022271714922049046,-0.05412024007342697,-0.07171494923614963,-1,-1,-1,AGARWALEYE,,1,1,1
2025-02-13,Indicator,CMF_State,Negative,Bearish,Bearish,Neutral,Negative,-0.022271714922049046,-0.05412024007342697,-0.07171494923614963,-1,-1,-1,AGARWALEYE,,0,0,0
2025-02-14,Indicator,EMA_Trend,Bearish,Bearish,Bearish,Neutral,Negative,-0.03257400408421118,-0.050569503888453715,-0.03883824098626121,-1,-1,-1,AGARWALEYE,,1,1,1
2025-02-14,Indicator,MACD_Trend,Bearish,Bearish,Bearish,Neutral,Negative,-0.03257400408421118,-0.050569503888453715,-0.03883824098626121,-1,-1,-1,AGARWALEYE,,1,1,1
2025-02-14,Indicator,CMF_State,Negative,Bearish,Bearish,Neutral,Negative,-0.03257400408421118,-0.050569503888453715,-0.03883824098626121,-1,-1,-1,AGARWALEYE,,0,0,0
2025-02-17,Indicator,EMA_Trend,Bearish,Bearish,Bearish,Neutral,Negative,-0.018601422620660113,-0.006475158749605692,-0.01459856846909846,-1,-1,-1,AGARWALEYE,,1,1,1
2025-02-17,Indicator,MACD_Trend,Bearish,Bearish,Bearish,Neutral,Negative,-0.018601422620660113,-0.006475158749605692,-0.01459856846909846,-1,-1,-1,AGARWALEYE,,1,1,1
2025-02-17,Indicator,CMF_State,Negative,Bearish,Bearish,Neutral,Negative,-0.018601422620660113,-0.006475158749605692,-0.01459856846909846,-1,-1,-1,AGARWALEYE,,0,0,0
2025-02-18,Indicator,EMA_Trend,Bearish,Bearish,Bearish,Neutral,Negative,0.012356105002144568,0.00407872422461697,-0.010076731795729765,1,1,-1,AGARWALEYE,,0,0,1
2025-02-18,Indicator,MACD_Trend,Bearish,Bearish,Bearish,Neutral,Negative,0.012356105002144568,0.00407872422461697,-0.010076731795729765,1,1,-1,AGARWALEYE,,0,0,1
2025-02-18,Indicator,CMF_State,Negative,Bearish,Bearish,Neutral,Negative,0.012356105002144568,0.00407872422461697,-0.010076731795729765,1,1,-1,AGARWALEYE,,0,0,0
2025-02-19,Indicator,EMA_Trend,Bearish,Bearish,Bearish,Neutral,Negative,-0.008176352902529493,-0.022159037404952286,-0.04609553654305398,-1,-1,-1,AGARWALEYE,,1,1,1
2025-02-19,Indicator,MACD_Trend,Bearish,Bearish,Bearish,Neutral,Negative,-0.008176352902529493,-0.022159037404952286,-0.04609553654305398,-1,-1,-1,AGARWALEYE,,1,1,1
2025-02-19,Indicator,CMF_State,Negative,Bearish,Bearish,Neutral,Negative,-0.008176352902529493,-0.022159037404952286,-0.04609553654305398,-1,-1,-1,AGARWALEYE,,0,0,0
2025-02-20,Indicator,EMA_Trend,Bearish,Bearish,Bearish,Neutral,Negative,-0.014097954352411901,-0.03823178016726403,-0.03273599093675317,-1,-1,-1,AGARWALEYE,,1,1,1
2025-02-20,Indicator,MACD_Trend,Bearish,Bearish,Bearish,Neutral,Negative,-0.014097954352411901,-0.03823178016726403,-0.03273599093675317,-1,-1,-1,AGARWALEYE,,1,1,1
2025-02-20,Indicator,CMF_State,Negative,Bearish,Bearish,Neutral,Negative,-0.014097954352411901,-0.03823178016726403,-0.03273599093675317,-1,-1,-1,AGARWALEYE,,0,0,0
2025-02-21,Indicator,EMA_Trend,Bearish,Bearish,Bearish,Neutral,Negative,-0.024478928633320685,-0.018904552096855487,-0.013208948440160517,-1,-1,-1,AGARWALEYE,,1,1,1
2025-02-21,Indicator,MACD_Trend,Bearish,Bearish,Bearish,Neutral,Negative,-0.024478928633320685,-0.018904552096855487,-0.013208948440160517,-1,-1,-1,AGARWALEYE,,1,1,1
2025-02-21,Indicator,CMF_State,Negative,Bearish,Bearish,Neutral,Negative,-0.024478928633320685,-0.018904552096855487,-0.013208948440160517,-1,-1,-1,AGARWALEYE,,0,0,0
2025-02-24,Indicator,EMA_Trend,Bearish,Bearish,Bearish,Neutral,Negative,0.005714255386257916,0.01155277986704184,-0.003726708074534124,1,1,-1,AGARWALEYE,,0,0,1
2025-02-24,Indicator,MACD_Trend,Bearish,Bearish,Bearish,Neutral,Negative,0.005714255386257916,0.01155277986704184,-0.003726708074534124,1,1,-1,AGARWALEYE,,0,0,1
2025-02-24,Indicator,CMF_State,Negative,Bearish,Bearish,Neutral,Negative,0.005714255386257916,0.01155277986704184,-0.003726708074534124,1,1,-1,AGARWALEYE,,0,0,0
2025-02-25,Indicator,EMA_Trend,Bearish,Bearish,Bearish,Neutral,Negative,0.005805351221298549,-0.009387321906027979,-0.032114625474368164,1,-1,-1,AGARWALEYE,,0,1,1
2025-02-25,Indicator,MACD_Trend,Bearish,Bearish,Bearish,Neutral,Negative,0.005805351221298549,-0.009387321906027979,-0.032114625474368164,1,-1,-1,AGARWALEYE,,0,1,1
2025-02-25,Indicator,CMF_State,Negative,Bearish,Bearish,Neutral,Negative,0.005805351221298549,-0.009387321906027979,-0.032114625474368164,1,-1,-1,AGARWALEYE,,0,0,0
2025-02-27,Indicator,EMA_Trend,Bearish,Bearish,Bearish,Neutral,Negative,-0.015104983393535276,-0.0377011085192801,-0.011298062562872357,-1,-1,-1,AGARWALEYE,,1,1,1
2025-02-27,Indicator,MACD_Trend,Bearish,Bearish,Bearish,Neutral,Negative,-0.015104983393535276,-0.0377011085192801,-0.011298062562872357,-1,-1,-1,AGARWALEYE,,1,1,1
2025-02-27,Indicator,CMF_State,Negative,Bearish,Bearish,Neutral,Negative,-0.015104983393535276,-0.0377011085192801,-0.011298062562872357,-1,-1,-1,AGARWALEYE,,0,0,0
2025-02-28,Indicator,EMA_Trend,Bearish,Bearish,Bearish,Neutral,Negative,-0.02294267383299553,0.00386530621687986,0.04239401496259343,-1,1,1,AGARWALEYE,,1,0,0
2025-02-28,Indicator,MACD_Trend,Bearish,Bearish,Bearish,Neutral,Negative,-0.02294267383299553,0.00386530621687986,0.04239401496259343,-1,1,1,AGARWALEYE,,1,0,0
2025-02-28,Indicator,CMF_State,Negative,Bearish,Bearish,Neutral,Negative,-0.02294267383299553,0.00386530621687986,0.04239401496259343,-1,1,1,AGARWALEYE,,0,0,0
2025-03-03,Indicator,EMA_Trend,Bearish,Bearish,Bearish,Neutral,Negative,0.02743746895081678,0.06687088571548294,0.05908633265781327,1,1,1,AGARWALEYE,,0,0,0
2025-03-03,Indicator,MACD_Trend,Bearish,Bearish,Bearish,Neutral,Negative,0.02743746895081678,0.06687088571548294,0.05908633265781327,1,1,1,AGARWALEYE,,0,0,0
2025-03-03,Indicator,CMF_State,Negative,Bearish,Bearish,Neutral,Negative,0.02743746895081678,0.06687088571548294,0.05908633265781327,1,1,1,AGARWALEYE,,0,0,0
2025-03-04,Indicator,EMA_Trend,Bearish,Bearish,Bearish,Neutral,Positive,0.0383803569135297,0.030803688461269685,0.008197785146236258,1,1,1,AGARWALEYE,,0,0,0
2025-03-04,Indicator,MACD_Trend,Bearish,Bearish,Bearish,Neutral,Positive,0.0383803569135297,0.030803688461269685,0.008197785146236258,1,1,1,AGARWALEYE,,0,0,0
2025-03-04,Indicator,CMF_State,Positive,Bearish,Bearish,Neutral,Positive,0.0383803569135297,0.030803688461269685,0.008197785146236258,1,1,1,AGARWALEYE,,0,0,0
2025-03-05,Indicator,EMA_Trend,Bearish,Bearish,Bearish,Neutral,Positive,-0.007296621514279122,-0.029066971044220957,-0.007894707638681053,-1,-1,-1,AGARWALEYE,,1,1,1
2025-03-05,Indicator,MACD_Trend,Bearish,Bearish,Bearish,Neutral,Positive,-0.007296621514279122,-0.029066971044220957,-0.007894707638681053,-1,-1,-1,AGARWALEYE,,1,1,1
2025-03-05,Indicator,CMF_State,Positive,Bearish,Bearish,Neutral,Positive,-0.007296621514279122,-0.029066971044220957,-0.007894707638681053,-1,-1,-1,AGARWALEYE,,0,0,0
2025-03-06,Candlestick,CDL_HARAMI,Bearish,Bearish,Bearish,Neutral,Positive,-0.021930367118474514,-0.0006024822090504589,0.012411118797400755,-1,-1,1,AGARWALEYE,,1,1,0
2025-03-06,Candlestick,CDL_HARAMI_CROSS,Bearish,Bearish,Bearish,Neutral,Positive,-0.021930367118474514,-0.0006024822090504589,0.012411118797400755,-1,-1,1,AGARWALEYE,,1,1,0
2025-03-06,Indicator,EMA_Trend,Bearish,Bearish,Bearish,Neutral,Positive,-0.021930367118474514,-0.0006024822090504589,0.012411118797400755,-1,-1,1,AGARWALEYE,,1,1,0
2025-03-06,Indicator,MACD_Trend,Bearish,Bearish,Bearish,Neutral,Positive,-0.021930367118474514,-0.0006024822090504589,0.012411118797400755,-1,-1,1,AGARWALEYE,,1,1,0
2025-03-06,Indicator,CMF_State,Positive,Bearish,Bearish,Neutral,Positive,-0.021930367118474514,-0.0006024822090504589,0.012411118797400755,-1,-1,1,AGARWALEYE,,0,0,0
2025-03-07,Indicator,EMA_Trend,Bearish,Bearish,Bearish,Neutral,Positive,0.02180610070326927,0.0351114938664443,0.055931948621588345,1,1,1,AGARWALEYE,,0,0,0
2025-03-07,Indicator,MACD_Trend,Bearish,Bearish,Bearish,Neutral,Positive,0.02180610070326927,0.0351114938664443,0.055931948621588345,1,1,1,AGARWALEYE,,0,0,0
2025-03-07,Indicator,CMF_State,Positive,Bearish,Bearish,Neutral,Positive,0.02180610070326927,0.0351114938664443,0.055931948621588345,1,1,1,AGARWALEYE,,0,0,0
2025-03-10,Candlestick,CDL_BULLISH_ENGULFING,Bullish,Bearish,Bearish,Neutral,Positive,0.013021446196120445,0.033397576991203826,0.019893898618650985,1,1,1,AGARWALEYE,,1,1,1
2025-03-10,Indicator,EMA_Trend,Bearish,Bearish,Bearish,Neutral,Positive,0.013021446196120445,0.033397576991203826,0.019893898618650985,1,1,1,AGARWALEYE,,0,0,0
2025-03-10,Indicator,MACD_Trend,Bearish,Bearish,Bearish,Neutral,Positive,0.013021446196120445,0.033397576991203826,0.019893898618650985,1,1,1,AGARWALEYE,,0,0,0
2025-03-10,Indicator,CMF_State,Positive,Bearish,Bearish,Neutral,Positive,0.013021446196120445,0.033397576991203826,0.019893898618650985,1,1,1,AGARWALEYE,,0,0,0
2025-03-11,Indicator,EMA_Trend,Bearish,Bearish,Bearish,Neutral,Positive,0.02011421463148233,0.006784113454198382,-0.00880745573262276,1,1,-1,AGARWALEYE,,0,0,1
2025-03-11,Indicator,MACD_Trend,Bearish,Bearish,Bearish,Neutral,Positive,0.02011421463148233,0.006784113454198382,-0.00880745573262276,1,1,-1,AGARWALEYE,,0,0,1
2025-03-11,Indicator,CMF_State,Positive,Bearish,Bearish,Neutral,Positive,0.02011421463148233,0.006784113454198382,-0.00880745573262276,1,1,-1,AGARWALEYE,,0,0,0
2025-03-12,Indicator,EMA_Trend,Bearish,Bearish,Bearish,Neutral,Positive,-0.013067263435888488,-0.028351404136205627,-0.028351404136205627,-1,-1,-1,AGARWALEYE,,1,1,1
2025-03-12,Indicator,MACD_Trend,Bearish,Bearish,Bearish,Neutral,Positive,-0.013067263435888488,-0.028351404136205627,-0.028351404136205627,-1,-1,-1,AGARWALEYE,,1,1,1
2025-03-12,Indicator,CMF_State,Positive,Bearish,Bearish,Neutral,Positive,-0.013067263435888488,-0.028351404136205627,-0.028351404136205627,-1,-1,-1,AGARWALEYE,,0,0,0
2025-03-13,Indicator,EMA_Trend,Bearish,Bearish,Bearish,Neutral,Positive,-0.01548650696655074,-0.01548650696655074,-0.012767523958408633,-1,-1,-1,AGARWALEYE,,1,1,1
2025-03-13,Indicator,MACD_Trend,Bearish,Bearish,Bearish,Neutral,Positive,-0.01548650696655074,-0.01548650696655074,-0.012767523958408633,-1,-1,-1,AGARWALEYE,,1,1,1
2025-03-13,Indicator,CMF_State,Positive,Bearish,Bearish,Neutral,Positive,-0.01548650696655074,-0.01548650696655074,-0.012767523958408633,-1,-1,-1,AGARWALEYE,,0,0,0
2025-03-17,Indicator,EMA_Trend,Bearish,Bearish,Bearish,Neutral,Negative,0.0,0.002761752913882809,0.04202689783023983,0,1,1,AGARWALEYE,,0,0,0
2025-03-17,Indicator,MACD_Trend,Bearish,Bearish,Bearish,Neutral,Negative,0.0,0.002761752913882809,0.04202689783023983,0,1,1,AGARWALEYE,,0,0,0
2025-03-17,Indicator,CMF_State,Negative,Bearish,Bearish,Neutral,Negative,0.0,0.002761752913882809,0.04202689783023983,0,1,1,AGARWALEYE,,0,0,0
2025-03-18,Indicator,EMA_Trend,Bearish,Bearish,Bearish,Neutral,Negative,0.002761752913882809,0.04202689783023983,0.0684438050378191,1,1,1,AGARWALEYE,,0,0,0
2025-03-18,Indicator,MACD_Trend,Bearish,Bearish,Bearish,Neutral,Negative,0.002761752913882809,0.04202689783023983,0.0684438050378191,1,1,1,AGARWALEYE,,0,0,0
2025-03-18,Indicator,CMF_State,Negative,Bearish,Bearish,Neutral,Negative,0.002761752913882809,0.04202689783023983,0.0684438050378191,1,1,1,AGARWALEYE,,0,0,0
2025-03-19,Indicator,EMA_Trend,Bearish,Bearish,Bearish,Neutral,Negative,0.03915700294936264,0.0655011541206807,0.05855589252023652,1,1,1,AGARWALEYE,,0,0,0
2025-03-19,Indicator,MACD_Trend,Bearish,Bearish,Bearish,Neutral,Negative,0.03915700294936264,0.0655011541206807,0.05855589252023652,1,1,1,AGARWALEYE,,0,0,0
2025-03-19,Indicator,CMF_State,Negative,Bearish,Bearish,Neutral,Negative,0.03915700294936264,0.0655011541206807,0.05855589252023652,1,1,1,AGARWALEYE,,0,0,0
2025-03-20,Indicator,EMA_Trend,Bearish,Bearish,Bearish,Neutral,Negative,0.025351463827455678,0.01866791015776803,0.033994008314088386,1,1,1,AGARWALEYE,,0,0,0
2025-03-20,Indicator,MACD_Trend,Bearish,Bearish,Bearish,Neutral,Negative,0.025351463827455678,0.01866791015776803,0.033994008314088386,1,1,1,AGARWALEYE,,0,0,0
2025-03-20,Indicator,CMF_State,Negative,Bearish,Bearish,Neutral,Negative,0.025351463827455678,0.01866791015776803,0.033994008314088386,1,1,1,AGARWALEYE,,0,0,0
2025-03-21,Indicator,EMA_Trend,Bearish,Bearish,Bearish,Neutral,Negative,-0.006518305093883958,0.008428860533705729,-0.02798377581535738,-1,1,-1,AGARWALEYE,,1,0,1
2025-03-21,Indicator,MACD_Trend,Bearish,Bearish,Bearish,Neutral,Negative,-0.006518305093883958,0.008428860533705729,-0.02798377581535738,-1,1,-1,AGARWALEYE,,1,0,1
2025-03-21,Indicator,CMF_State,Negative,Bearish,Bearish,Neutral,Negative,-0.006518305093883958,0.008428860533705729,-0.02798377581535738,-1,1,-1,AGARWALEYE,,0,0,0
2025-03-24,Indicator,EMA_Trend,Bearish,Bearish,Bearish,Neutral,Negative,0.015045235059919504,-0.021606307223911103,0.001809927133413547,1,-1,1,AGARWALEYE,,0,1,0
2025-03-24,Indicator,MACD_Trend,Bearish,Bearish,Bearish,Neutral,Negative,0.015045235059919504,-0.021606307223911103,0.001809927133413547,1,-1,1,AGARWALEYE,,0,1,0
2025-03-24,Indicator,CMF_State,Negative,Bearish,Bearish,Neutral,Negative,0.015045235059919504,-0.021606307223911103,0.001809927133413547,1,-1,1,AGARWALEYE,,0,0,0
2025-03-25,Candlestick,CDL_BULLISH_ENGULFING,Bullish,Bearish,Bullish,Neutral,Negative,-0.03610828465360649,-0.013039131133623316,-0.0062409179339357745,-1,-1,-1,AGARWALEYE,,0,0,0
2025-03-25,Indicator,EMA_Trend,Bearish,Bearish,Bullish,Neutral,Negative,-0.03610828465360649,-0.013039131133623316,-0.0062409179339357745,-1,-1,-1,AGARWALEYE,,1,1,1
2025-03-25,Indicator,MACD_Trend,Bullish,Bearish,Bullish,Neutral,Negative,-0.03610828465360649,-0.013039131133623316,-0.0062409179339357745,-1,-1,-1,AGARWALEYE,,0,0,0
2025-03-25,Indicator,CMF_State,Negative,Bearish,Bullish,Neutral,Negative,-0.03610828465360649,-0.013039131133623316,-0.0062409179339357745,-1,-1,-1,AGARWALEYE,,0,0,0
2025-03-26,Indicator,EMA_Trend,Bearish,Bearish,Bullish,Neutral,Negative,0.02393334557470772,0.030986226195478084,0.04821360850362466,1,1,1,AGARWALEYE,,0,0,0
2025-03-26,Indicator,MACD_Trend,Bullish,Bearish,Bullish,Neutral,Negative,0.02393334557470772,0.030986226195478084,0.04821360850362466,1,1,1,AGARWALEYE,,1,1,1
2025-03-26,Indicator,CMF_State,Negative,Bearish,Bullish,Neutral,Negative,0.02393334557470772,0.030986226195478084,0.04821360850362466,1,1,1,AGARWALEYE,,0,0,0
2025-03-27,Indicator,EMA_Trend,Bearish,Bearish,Bullish,Neutral,Negative,0.006888027088141735,0.02371273778107974,-0.01659886131111188,1,1,-1,AGARWALEYE,,0,0,1
2025-03-27,Indicator,MACD_Trend,Bullish,Bearish,Bullish,Neutral,Negative,0.006888027088141735,0.02371273778107974,-0.01659886131111188,1,1,-1,AGARWALEYE,,1,1,0
2025-03-27,Indicator,CMF_State,Negative,Bearish,Bullish,Neutral,Negative,0.006888027088141735,0.02371273778107974,-0.01659886131111188,1,1,-1,AGARWALEYE,,0,0,0
2025-03-28,Indicator,EMA_Trend,Bearish,Bearish,Bullish,Neutral,Negative,0.016709614416206664,-0.023326216786166643,-0.02220476339790778,1,-1,-1,AGARWALEYE,,0,1,1
2025-03-28,Indicator,MACD_Trend,Bullish,Bearish,Bullish,Neutral,Negative,0.016709614416206664,-0.023326216786166643,-0.02220476339790778,1,-1,-1,AGARWALEYE,,1,0,0
2025-03-28,Indicator,CMF_State,Negative,Bearish,Bullish,Neutral,Negative,0.016709614416206664,-0.023326216786166643,-0.02220476339790778,1,-1,-1,AGARWALEYE,,0,0,0
2025-04-01,Candlestick,CDL_BULLISH_ENGULFING,Bullish,Bearish,Bullish,Neutral,Negative,-0.0393778426353939,-0.038274820324640246,-0.042356016339056723,-1,-1,-1,AGARWALEYE,,0,0,0
2025-04-01,Indicator,EMA_Trend,Bearish,Bearish,Bullish,Neutral,Negative,-0.0393778426353939,-0.038274820324640246,-0.042356016339056723,-1,-1,-1,AGARWALEYE,,1,1,1
2025-04-01,Indicator,MACD_Trend,Bullish,Bearish,Bullish,Neutral,Negative,-0.0393778426353939,-0.038274820324640246,-0.042356016339056723,-1,-1,-1,AGARWALEYE,,0,0,0
2025-04-01,Indicator,CMF_State,Negative,Bearish,Bullish,Neutral,Negative,-0.0393778426353939,-0.038274820324640246,-0.042356016339056723,-1,-1,-1,AGARWALEYE,,0,0,0
2025-04-02,Indicator,EMA_Trend,Bearish,Bearish,Bullish,Neutral,Negative,0.0011482374233171555,-0.00310025505952638,-0.0416810745326911,1,-1,-1,AGARWALEYE,,0,1,1
2025-04-02,Indicator,MACD_Trend,Bullish,Bearish,Bullish,Neutral,Negative,0.0011482374233171555,-0.00310025505952638,-0.0416810745326911,1,-1,-1,AGARWALEYE,,1,0,0
2025-04-02,Indicator,CMF_State,Negative,Bearish,Bullish,Neutral,Negative,0.0011482374233171555,-0.00310025505952638,-0.0416810745326911,1,-1,-1,AGARWALEYE,,0,0,0
2025-04-03,Candlestick,CDL_HARAMI,Bullish,Bearish,Bullish,Neutral,Negative,-0.004243619799779053,-0.04278019014071199,-0.02339720592136918,-1,-1,-1,AGARWALEYE,,0,0,0
2025-04-03,Indicator,EMA_Trend,Bearish,Bearish,Bullish,Neutral,Negative,-0.004243619799779053,-0.04278019014071199,-0.02339720592136918,-1,-1,-1,AGARWALEYE,,1,1,1
2025-04-03,Indicator,MACD_Trend,Bullish,Bearish,Bullish,Neutral,Negative,-0.004243619799779053,-0.04278019014071199,-0.02339720592136918,-1,-1,-1,AGARWALEYE,,0,0,0
2025-04-03,Indicator,CMF_State,Negative,Bearish,Bullish,Neutral,Negative,-0.004243619799779053,-0.04278019014071199,-0.02339720592136918,-1,-1,-1,AGARWALEYE,,0,0,0
2025-04-04,Indicator,EMA_Trend,Bearish,Bearish,Bullish,Neutral,Negative,-0.038700801829845366,-0.019235213052552824,-0.026261215701908758,-1,-1,-1,AGARWALEYE,,1,1,1
2025-04-04,Indicator,MACD_Trend,Bullish,Bearish,Bullish,Neutral,Negative,-0.038700801829845366,-0.019235213052552824,-0.026261215701908758,-1,-1,-1,AGARWALEYE,,0,0,0
2025-04-04,Indicator,CMF_State,Negative,Bearish,Bullish,Neutral,Negative,-0.038700801829845366,-0.019235213052552824,-0.026261215701908758,-1,-1,-1,AGARWALEYE,,0,0,0
2025-04-07,Indicator,EMA_Trend,Bearish,Bearish,Bearish,Neutral,Negative,0.02024925102855124,0.012940389580700318,-0.005032292469127397,1,1,-1,AGARWALEYE,,0,0,1
2025-04-07,Indicator,MACD_Trend,Bearish,Bearish,Bearish,Neutral,Negative,0.02024925102855124,0.012940389580700318,-0.005032292469127397,1,1,-1,AGARWALEYE,,0,0,1
2025-04-07,Indicator,CMF_State,Negative,Bearish,Bearish,Neutral,Negative,0.02024925102855124,0.012940389580700318,-0.005032292469127397,1,1,-1,AGARWALEYE,,0,0,0
2025-04-08,Candlestick,CDL_SHOOTING_STAR,Bearish,Bearish,Bearish,Neutral,Negative,-0.007163799866045095,-0.02477977168049017,-0.036054036649478816,-1,-1,-1,AGARWALEYE,,1,1,1
2025-04-08,Indicator,EMA_Trend,Bearish,Bearish,Bearish,Neutral,Negative,-0.007163799866045095,-0.02477977168049017,-0.036054036649478816,-1,-1,-1,AGARWALEYE,,1,1,1
2025-04-08,Indicator,MACD_Trend,Bearish,Bearish,Bearish,Neutral,Negative,-0.007163799866045095,-0.02477977168049017,-0.036054036649478816,-1,-1,-1,AGARWALEYE,,1,1,1
2025-04-08,Indicator,CMF_State,Negative,Bearish,Bearish,Neutral,Negative,-0.007163799866045095,-0.02477977168049017,-0.036054036649478816,-1,-1,-1,AGARWALEYE,,0,0,0
2025-04-09,Indicator,EMA_Trend,Bearish,Bearish,Bearish,Neutral,Negative,-0.01774307968632527,-0.02909869400363918,-0.054293852718865776,-1,-1,-1,AGARWALEYE,,1,1,1
2025-04-09,Indicator,MACD_Trend,Bearish,Bearish,Bearish,Neutral,Negative,-0.01774307968632527,-0.02909869400363918,-0.054293852718865776,-1,-1,-1,AGARWALEYE,,1,1,1
2025-04-09,Indicator,CMF_State,Negative,Bearish,Bearish,Neutral,Negative,-0.01774307968632527,-0.02909869400363918,-0.054293852718865776,-1,-1,-1,AGARWALEYE,,0,0,0
2025-04-11,Indicator,EMA_Trend,Bearish,Bearish,Bearish,Neutral,Negative,-0.011560737402275145,-0.03721101096530666,-0.030467302606327462,-1,-1,-1,AGARWALEYE,,1,1,1
2025-04-11,Indicator,MACD_Trend,Bearish,Bearish,Bearish,Neutral,Negative,-0.011560737402275145,-0.03721101096530666,-0.030467302606327462,-1,-1,-1,AGARWALEYE,,1,1,1
2025-04-11,Indicator,CMF_State,Negative,Bearish,Bearish,Neutral,Negative,-0.011560737402275145,-0.03721101096530666,-0.030467302606327462,-1,-1,-1,AGARWALEYE,,0,0,0
2025-04-15,Indicator,EMA_Trend,Bearish,Bearish,Bearish,Neutral,Negative,-0.02595027791148219,-0.019127695468474037,-0.018640336282300107,-1,-1,-1,AGARWALEYE,,1,1,1
2025-04-15,Indicator,MACD_Trend,Bearish,Bearish,Bearish,Neutral,Negative,-0.02595027791148219,-0.019127695468474037,-0.018640336282300107,-1,-1,-1,AGARWALEYE,,1,1,1
2025-04-15,Indicator,CMF_State,Negative,Bearish,Bearish,Neutral,Negative,-0.02595027791148219,-0.019127695468474037,-0.018640336282300107,-1,-1,-1,AGARWALEYE,,0,0,0
2025-04-16,Indicator,EMA_Trend,Bearish,Bearish,Bearish,Neutral,Negative,0.007004347199421668,0.007504690431519689,-0.010506597140790941,1,1,-1,AGARWALEYE,,0,0,1
2025-04-16,Indicator,MACD_Trend,Bearish,Bearish,Bearish,Neutral,Negative,0.007004347199421668,0.007504690431519689,-0.010506597140790941,1,1,-1,AGARWALEYE,,0,0,1
2025-04-16,Indicator,CMF_State,Negative,Bearish,Bearish,Neutral,Negative,0.007004347199421668,0.007504690431519689,-0.010506597140790941,1,1,-1,AGARWALEYE,,0,0,0
2025-04-17,Indicator,EMA_Trend,Bearish,Bearish,Bearish,Neutral,Negative,0.0004968630309190036,-0.017389144733001682,-0.010930304384327405,1,-1,-1,AGARWALEYE,,0,1,1
2025-04-17,Indicator,MACD_Trend,Bearish,Bearish,Bearish,Neutral,Negative,0.0004968630309190036,-0.017389144733001682,-0.010930304384327405,1,-1,-1,AGARWALEYE,,0,1,1
2025-04-17,Indicator,CMF_State,Negative,Bearish,Bearish,Neutral,Negative,0.0004968630309190036,-0.017389144733001682,-0.010930304384327405,1,-1,-1,AGARWALEYE,,0,0,0
2025-04-21,Indicator,EMA_Trend,Bearish,Bearish,Bearish,Neutral,Negative,-0.01787712528126928,-0.011421492497866281,-0.033022936791976876,-1,-1,-1,AGARWALEYE,,1,1,1
2025-04-21,Indicator,MACD_Trend,Bearish,Bearish,Bearish,Neutral,Negative,-0.01787712528126928,-0.011421492497866281,-0.033022936791976876,-1,-1,-1,AGARWALEYE,,1,1,1
2025-04-21,Indicator,CMF_State,Negative,Bearish,Bearish,Neutral,Negative,-0.01787712528126928,-0.011421492497866281,-0.033022936791976876,-1,-1,-1,AGARWALEYE,,0,0,0
2025-04-22,Indicator,EMA_Trend,Bearish,Bearish,Bearish,Neutral,Negative,0.006573141660356718,-0.01542150366372963,-0.022879504670104023,1,-1,-1,AGARWALEYE,,0,1,1
2025-04-22,Indicator,MACD_Trend,Bearish,Bearish,Bearish,Neutral,Negative,0.006573141660356718,-0.01542150366372963,-0.022879504670104023,1,-1,-1,AGARWALEYE,,0,1,1
2025-04-22,Indicator,CMF_State,Negative,Bearish,Bearish,Neutral,Negative,0.006573141660356718,-0.01542150366372963,-0.022879504670104023,1,-1,-1,AGARWALEYE,,0,0,0
2025-04-23,Indicator,EMA_Trend,Bearish,Bearish,Bearish,Neutral,Negative,-0.021851015503757565,-0.02926031414058816,-0.049227694095133945,-1,-1,-1,AGARWALEYE,,1,1,1
2025-04-23,Indicator,MACD_Trend,Bearish,Bearish,Bearish,Neutral,Negative,-0.021851015503757565,-0.02926031414058816,-0.049227694095133945,-1,-1,-1,AGARWALEYE,,1,1,1
2025-04-23,Indicator,CMF_State,Negative,Bearish,Bearish,Neutral,Negative,-0.021851015503757565,-0.02926031414058816,-0.049227694095133945,-1,-1,-1,AGARWALEYE,,0,0,0
2025-04-24,Candlestick,CDL_BULLISH_ENGULFING,Bearish,Bearish,Bearish,Neutral,Negative,-0.007574816059995659,-0.027988250282216076,-0.038259144811996215,-1,-1,-1,AGARWALEYE,,1,1,1
2025-04-24,Indicator,EMA_Trend,Bearish,Bearish,Bearish,Neutral,Negative,-0.007574816059995659,-0.027988250282216076,-0.038259144811996215,-1,-1,-1,AGARWALEYE,,1,1,1
2025-04-24,Indicator,MACD_Trend,Bearish,Bearish,Bearish,Neutral,Negative,-0.007574816059995659,-0.027988250282216076,-0.038259144811996215,-1,-1,-1,AGARWALEYE,,1,1,1
2025-04-24,Indicator,CMF_State,Negative,Bearish,Bearish,Neutral,Negative,-0.007574816059995659,-0.027988250282216076,-0.038259144811996215,-1,-1,-1,AGARWALEYE,,0,0,0
2025-04-25,Indicator,EMA_Trend,Bearish,Bearish,Bearish,Neutral,Negative,-0.020569242450274805,-0.03091853093669128,-0.05588617361841042,-1,-1,-1,AGARWALEYE,,1,1,1
2025-04-25,Indicator,MACD_Trend,Bearish,Bearish,Bearish,Neutral,Negative,-0.020569242450274805,-0.03091853093669128,-0.05588617361841042,-1,-1,-1,AGARWALEYE,,1,1,1
2025-04-25,Indicator,CMF_State,Negative,Bearish,Bearish,Neutral,Negative,-0.020569242450274805,-0.03091853093669128,-0.05588617361841042,-1,-1,-1,AGARWALEYE,,0,0,0
2025-04-28,Indicator,EMA_Trend,Bearish,Bearish,Bearish,Neutral,Negative,-0.010566636188052425,-0.03605862986832187,-0.06273940236656161,-1,-1,-1,AGARWALEYE,,1,1,1
2025-04-28,Indicator,MACD_Trend,Bearish,Bearish,Bearish,Neutral,Negative,-0.010566636188052425,-0.03605862986832187,-0.06273940236656161,-1,-1,-1,AGARWALEYE,,1,1,1
2025-04-28,Indicator,CMF_State,Negative,Bearish,Bearish,Neutral,Negative,-0.010566636188052425,-0.03605862986832187,-0.06273940236656161,-1,-1,-1,AGARWALEYE,,0,0,0
2025-04-29,Indicator,EMA_Trend,Bearish,Bearish,Bearish,Neutral,Negative,-0.02576423497794489,-0.052729944316315946,-0.06901608978352458,-1,-1,-1,AGARWALEYE,,1,1,1
2025-04-29,Indicator,MACD_Trend,Bearish,Bearish,Bearish,Neutral,Negative,-0.02576423497794489,-0.052729944316315946,-0.06901608978352458,-1,-1,-1,AGARWALEYE,,1,1,1
2025-04-29,Indicator,CMF_State,Negative,Bearish,Bearish,Neutral,Negative,-0.02576423497794489,-0.052729944316315946,-0.06901608978352458,-1,-1,-1,AGARWALEYE,,0,0,0
2025-04-30,Indicator,EMA_Trend,Bearish,Bearish,Bearish,Oversold,Negative,-0.02767883330351828,-0.044395675419081404,-0.044943804249930386,-1,-1,-1,AGARWALEYE,,1,1,1
2025-04-30,Indicator,MACD_Trend,Bearish,Bearish,Bearish,Oversold,Negative,-0.02767883330351828,-0.044395675419081404,-0.044943804249930386,-1,-1,-1,AGARWALEYE,,1,1,1
2025-04-30,Indicator,RSI_State,Oversold,Bearish,Bearish,Oversold,Negative,-0.02767883330351828,-0.044395675419081404,-0.044943804249930386,-1,-1,-1,AGARWALEYE,,0,0,0
2025-04-30,Indicator,CMF_State,Negative,Bearish,Bearish,Oversold,Negative,-0.02767883330351828,-0.044395675419081404,-0.044943804249930386,-1,-1,-1,AGARWALEYE,,0,0,0
2025-05-02,Indicator,EMA_Trend,Bearish,Bearish,Bearish,Oversold,Negative,-0.017192716448166667,-0.0177564487308971,0.013387824586881703,-1,-1,1,AGARWALEYE,,1,1,0
2025-05-02,Indicator,MACD_Trend,Bearish,Bearish,Bearish,Oversold,Negative,-0.017192716448166667,-0.0177564487308971,0.013387824586881703,-1,-1,1,AGARWALEYE,,1,1,0
2025-05-02,Indicator,RSI_State,Oversold,Bearish,Bearish,Oversold,Negative,-0.017192716448166667,-0.0177564487308971,0.013387824586881703,-1,-1,1,AGARWALEYE,,0,0,0
2025-05-02,Indicator,CMF_State,Negative,Bearish,Bearish,Oversold,Negative,-0.017192716448166667,-0.0177564487308971,0.013387824586881703,-1,-1,1,AGARWALEYE,,0,0,0
2025-05-05,Indicator,EMA_Trend,Bearish,Bearish,Bearish,Oversold,Negative,-0.0005735939203594942,0.03111550102124916,0.03441353478609965,-1,1,1,AGARWALEYE,,1,0,0
2025-05-05,Indicator,MACD_Trend,Bearish,Bearish,Bearish,Oversold,Negative,-0.0005735939203594942,0.03111550102124916,0.03441353478609965,-1,1,1,AGARWALEYE,,1,0,0
2025-05-05,Indicator,RSI_State,Oversold,Bearish,Bearish,Oversold,Negative,-0.0005735939203594942,0.03111550102124916,0.03441353478609965,-1,1,1,AGARWALEYE,,0,0,0
2025-05-05,Indicator,CMF_State,Negative,Bearish,Bearish,Oversold,Negative,-0.0005735939203594942,0.03111550102124916,0.03441353478609965,-1,1,1,AGARWALEYE,,0,0,0
2025-05-06,Indicator,EMA_Trend,Bearish,Bearish,Bearish,Oversold,Negative,0.031707282045821295,0.03500720862849738,0.020373044773358995,1,1,1,AGARWALEYE,,0,0,0
2025-05-06,Indicator,MACD_Trend,Bearish,Bearish,Bearish,Oversold,Negative,0.031707282045821295,0.03500720862849738,0.020373044773358995,1,1,1,AGARWALEYE,,0,0,0
2025-05-06,Indicator,RSI_State,Oversold,Bearish,Bearish,Oversold,Negative,0.031707282045821295,0.03500720862849738,0.020373044773358995,1,1,1,AGARWALEYE,,0,0,0
2025-05-06,Indicator,CMF_State,Negative,Bearish,Bearish,Oversold,Negative,0.031707282045821295,0.03500720862849738,0.020373044773358995,1,1,1,AGARWALEYE,,0,0,0
2025-05-07,Candlestick,CDL_BULLISH_ENGULFING,Bullish,Bearish,Bearish,Neutral,Negative,0.003198510507876229,-0.01098590411224698,0.023640662741155172,1,-1,1,AGARWALEYE,,1,0,1
2025-05-07,Indicator,EMA_Trend,Bearish,Bearish,Bearish,Neutral,Negative,0.003198510507876229,-0.01098590411224698,0.023640662741155172,1,-1,1,AGARWALEYE,,0,1,0
2025-05-07,Indicator,MACD_Trend,Bearish,Bearish,Bearish,Neutral,Negative,0.003198510507876229,-0.01098590411224698,0.023640662741155172,1,-1,1,AGARWALEYE,,0,1,0
2025-05-07,Indicator,CMF_State,Negative,Bearish,Bearish,Neutral,Negative,0.003198510507876229,-0.01098590411224698,0.023640662741155172,1,-1,1,AGARWALEYE,,0,0,0
2025-05-08,Candlestick,CDL_THREE_OUTSIDE_UP,Bullish,Bearish,Bearish,Neutral,Negative,-0.01413919027146704,0.020376976260590762,0.02758519920354785,-1,1,1,AGARWALEYE,,0,1,1
2025-05-08,Indicator,EMA_Trend,Bearish,Bearish,Bearish,Neutral,Negative,-0.01413919027146704,0.020376976260590762,0.02758519920354785,-1,1,1,AGARWALEYE,,1,0,0
2025-05-08,Indicator,MACD_Trend,Bearish,Bearish,Bearish,Neutral,Negative,-0.01413919027146704,0.020376976260590762,0.02758519920354785,-1,1,1,AGARWALEYE,,1,0,0
2025-05-08,Indicator,CMF_State,Negative,Bearish,Bearish,Neutral,Negative,-0.01413919027146704,0.020376976260590762,0.02758519920354785,-1,1,1,AGARWALEYE,,0,0,0
2025-05-09,Candlestick,CDL_HAMMER,Bullish,Bearish,Bearish,Neutral,Negative,0.03501119650101736,0.04232279959125673,0.08464568500247305,1,1,1,AGARWALEYE,,1,1,1
2025-05-09,Indicator,EMA_Trend,Bearish,Bearish,Bearish,Neutral,Negative,0.03501119650101736,0.04232279959125673,0.08464568500247305,1,1,1,AGARWALEYE,,0,0,0
2025-05-09,Indicator,MACD_Trend,Bearish,Bearish,Bearish,Neutral,Negative,0.03501119650101736,0.04232279959125673,0.08464568500247305,1,1,1,AGARWALEYE,,0,0,0
2025-05-09,Indicator,CMF_State,Negative,Bearish,Bearish,Neutral,Negative,0.03501119650101736,0.04232279959125673,0.08464568500247305,1,1,1,AGARWALEYE,,0,0,0
2025-05-12,Indicator,EMA_Trend,Bearish,Bearish,Bearish,Neutral,Negative,0.00706427439138535,0.047955508760920695,0.04931401987784345,1,1,1,AGARWALEYE,,0,0,0
2025-05-12,Indicator,MACD_Trend,Bearish,Bearish,Bearish,Neutral,Negative,0.00706427439138535,0.047955508760920695,0.04931401987784345,1,1,1,AGARWALEYE,,0,0,0
2025-05-12,Indicator,CMF_State,Negative,Bearish,Bearish,Neutral,Negative,0.00706427439138535,0.047955508760920695,0.04931401987784345,1,1,1,AGARWALEYE,,0,0,0
2025-05-13,Indicator,EMA_Trend,Bearish,Bearish,Bullish,Neutral,Negative,0.040604393790304893,0.04195337533147181,0.0731148159983086,1,1,1,AGARWALEYE,,0,0,0
2025-05-13,Indicator,MACD_Trend,Bullish,Bearish,Bullish,Neutral,Negative,0.040604393790304893,0.04195337533147181,0.0731148159983086,1,1,1,AGARWALEYE,,1,1,1
2025-05-13,Indicator,CMF_State,Negative,Bearish,Bullish,Neutral,Negative,0.040604393790304893,0.04195337533147181,0.0731148159983086,1,1,1,AGARWALEYE,,0,0,0
2025-05-14,Indicator,EMA_Trend,Bearish,Bearish,Bullish,Neutral,Negative,0.0012963442680204995,0.03124186521026262,0.0412237318985349,1,1,1,AGARWALEYE,,0,0,0
2025-05-14,Indicator,MACD_Trend,Bullish,Bearish,Bullish,Neutral,Negative,0.0012963442680204995,0.03124186521026262,0.0412237318985349,1,1,1,AGARWALEYE,,1,1,1
2025-05-14,Indicator,CMF_State,Negative,Bearish,Bullish,Neutral,Negative,0.0012963442680204995,0.03124186521026262,0.0412237318985349,1,1,1,AGARWALEYE,,0,0,0
2025-05-15,Indicator,EMA_Trend,Bearish,Bearish,Bullish,Neutral,Negative,0.02990675149636468,0.0398756950018655,0.037156849125744795,1,1,1,AGARWALEYE,,0,0,0
2025-05-15,Indicator,MACD_Trend,Bullish,Bearish,Bullish,Neutral,Negative,0.02990675149636468,0.0398756950018655,0.037156849125744795,1,1,1,AGARWALEYE,,1,1,1
2025-05-15,Indicator,CMF_State,Negative,Bearish,Bullish,Neutral,Negative,0.02990675149636468,0.0398756950018655,0.037156849125744795,1,1,1,AGARWALEYE,,0,0,0
2025-05-16,Indicator,EMA_Trend,Bearish,Bearish,Bullish,Neutral,Negative,0.009679462233854519,0.007039567047061768,-0.015587711394170145,1,1,-1,AGARWALEYE,,0,0,1
2025-05-16,Indicator,MACD_Trend,Bullish,Bearish,Bullish,Neutral,Negative,0.009679462233854519,0.007039567047061768,-0.015587711394170145,1,1,-1,AGARWALEYE,,1,1,0
2025-05-16,Indicator,CMF_State,Negative,Bearish,Bullish,Neutral,Negative,0.009679462233854519,0.007039567047061768,-0.015587711394170145,1,1,-1,AGARWALEYE,,0,0,0
2025-05-19,Indicator,EMA_Trend,Bearish,Bearish,Bullish,Neutral,Negative,-0.0026145873869238834,-0.02502494561206836,-0.03062753516835448,-1,-1,-1,AGARWALEYE,,1,1,1
2025-05-19,Indicator,MACD_Trend,Bullish,Bearish,Bullish,Neutral,Negative,-0.0026145873869238834,-0.02502494561206836,-0.03062753516835448,-1,-1,-1,AGARWALEYE,,0,0,0
2025-05-19,Indicator,CMF_State,Negative,Bearish,Bullish,Neutral,Negative,-0.0026145873869238834,-0.02502494561206836,-0.03062753516835448,-1,-1,-1,AGARWALEYE,,0,0,0
2025-05-20,Indicator,EMA_Trend,Bearish,Bearish,Bullish,Neutral,Negative,-0.022469105665412714,-0.028086382081765948,-0.027711836035992365,-1,-1,-1,AGARWALEYE,,1,1,1
2025-05-20,Indicator,MACD_Trend,Bullish,Bearish,Bullish,Neutral,Negative,-0.022469105665412714,-0.028086382081765948,-0.027711836035992365,-1,-1,-1,AGARWALEYE,,0,0,0
2025-05-20,Indicator,CMF_State,Negative,Bearish,Bullish,Neutral,Negative,-0.022469105665412714,-0.028086382081765948,-0.027711836035992365,-1,-1,-1,AGARWALEYE,,0,0,0
2025-05-21,Indicator,EMA_Trend,Bearish,Bearish,Bullish,Neutral,Negative,-0.0057463927216100386,-0.005363237521151087,-0.020176207745565167,-1,-1,-1,AGARWALEYE,,1,1,1
2025-05-21,Indicator,MACD_Trend,Bullish,Bearish,Bullish,Neutral,Negative,-0.0057463927216100386,-0.005363237521151087,-0.020176207745565167,-1,-1,-1,AGARWALEYE,,0,0,0
2025-05-21,Indicator,CMF_State,Negative,Bearish,Bullish,Neutral,Negative,-0.0057463927216100386,-0.005363237521151087,-0.020176207745565167,-1,-1,-1,AGARWALEYE,,0,0,0
2025-05-22,Indicator,EMA_Trend,Bearish,Bearish,Bullish,Neutral,Negative,0.0003853696860178779,-0.0145132136492363,-0.03609038847553381,1,-1,-1,AGARWALEYE,,0,1,1
2025-05-22,Indicator,MACD_Trend,Bullish,Bearish,Bullish,Neutral,Negative,0.0003853696860178779,-0.0145132136492363,-0.03609038847553381,1,-1,-1,AGARWALEYE,,1,0,0
2025-05-22,Indicator,CMF_State,Negative,Bearish,Bullish,Neutral,Negative,0.0003853696860178779,-0.0145132136492363,-0.03609038847553381,1,-1,-1,AGARWALEYE,,0,0,0
2025-05-23,Indicator,EMA_Trend,Bearish,Bearish,Bullish,Neutral,Negative,-0.014892844084605228,-0.03646170692500217,-0.09397870061962954,-1,-1,-1,AGARWALEYE,,1,1,1
2025-05-23,Indicator,MACD_Trend,Bullish,Bearish,Bullish,Neutral,Negative,-0.014892844084605228,-0.03646170692500217,-0.09397870061962954,-1,-1,-1,AGARWALEYE,,0,0,0
2025-05-23,Indicator,CMF_State,Negative,Bearish,Bullish,Neutral,Negative,-0.014892844084605228,-0.03646170692500217,-0.09397870061962954,-1,-1,-1,AGARWALEYE,,0,0,0
2025-05-26,Indicator,EMA_Trend,Bearish,Bearish,Bullish,Neutral,Negative,-0.021894940779670247,-0.08028147604057867,-0.09539947005288096,-1,-1,-1,AGARWALEYE,,1,1,1
2025-05-26,Indicator,MACD_Trend,Bullish,Bearish,Bullish,Neutral,Negative,-0.021894940779670247,-0.08028147604057867,-0.09539947005288096,-1,-1,-1,AGARWALEYE,,0,0,0
2025-05-26,Indicator,CMF_State,Negative,Bearish,Bullish,Neutral,Negative,-0.021894940779670247,-0.08028147604057867,-0.09539947005288096,-1,-1,-1,AGARWALEYE,,0,0,0
2025-05-27,Indicator,EMA_Trend,Bearish,Bearish,Bullish,Neutral,Negative,-0.05969352137637407,-0.07514993259701863,-0.09793471019320454,-1,-1,-1,AGARWALEYE,,1,1,1
2025-05-27,Indicator,MACD_Trend,Bullish,Bearish,Bullish,Neutral,Negative,-0.05969352137637407,-0.07514993259701863,-0.09793471019320454,-1,-1,-1,AGARWALEYE,,0,0,0
2025-05-27,Indicator,CMF_State,Negative,Bearish,Bullish,Neutral,Negative,-0.05969352137637407,-0.07514993259701863,-0.09793471019320454,-1,-1,-1,AGARWALEYE,,0,0,0
2025-05-28,Indicator,EMA_Trend,Bearish,Bearish,Bearish,Neutral,Negative,-0.016437631317045565,-0.0406688560444739,-0.05328048174960642,-1,-1,-1,AGARWALEYE,,1,1,1
2025-05-28,Indicator,MACD_Trend,Bearish,Bearish,Bearish,Neutral,Negative,-0.016437631317045565,-0.0406688560444739,-0.05328048174960642,-1,-1,-1,AGARWALEYE,,1,1,1
2025-05-28,Indicator,CMF_State,Negative,Bearish,Bearish,Neutral,Negative,-0.016437631317045565,-0.0406688560444739,-0.05328048174960642,-1,-1,-1,AGARWALEYE,,0,0,0
2025-05-29,Indicator,EMA_Trend,Bearish,Bearish,Bearish,Neutral,Negative,-0.024636185257753684,-0.0374585807729666,-0.029678686515653085,-1,-1,-1,AGARWALEYE,,1,1,1
2025-05-29,Indicator,MACD_Trend,Bearish,Bearish,Bearish,Neutral,Negative,-0.024636185257753684,-0.0374585807729666,-0.029678686515653085,-1,-1,-1,AGARWALEYE,,1,1,1
2025-05-29,Indicator,CMF_State,Negative,Bearish,Bearish,Neutral,Negative,-0.024636185257753684,-0.0374585807729666,-0.029678686515653085,-1,-1,-1,AGARWALEYE,,0,0,0
2025-05-30,Indicator,EMA_Trend,Bearish,Bearish,Bearish,Oversold,Negative,-0.013146269444700875,-0.005169867060561328,0.02067946824224509,-1,-1,1,AGARWALEYE,,1,1,0
2025-05-30,Indicator,MACD_Trend,Bearish,Bearish,Bearish,Oversold,Negative,-0.013146269444700875,-0.005169867060561328,0.02067946824224509,-1,-1,1,AGARWALEYE,,1,1,0
2025-05-30,Indicator,RSI_State,Oversold,Bearish,Bearish,Oversold,Negative,-0.013146269444700875,-0.005169867060561328,0.02067946824224509,-1,-1,1,AGARWALEYE,,0,0,0
2025-05-30,Indicator,CMF_State,Negative,Bearish,Bearish,Oversold,Negative,-0.013146269444700875,-0.005169867060561328,0.02067946824224509,-1,-1,1,AGARWALEYE,,0,0,0
2025-06-02,Indicator,EMA_Trend,Bearish,Bearish,Bearish,Oversold,Negative,0.008082659199809994,0.03427634373729571,0.06121841926156679,1,1,1,AGARWALEYE,,0,0,0
2025-06-02,Indicator,MACD_Trend,Bearish,Bearish,Bearish,Oversold,Negative,0.008082659199809994,0.03427634373729571,0.06121841926156679,1,1,1,AGARWALEYE,,0,0,0
2025-06-02,Indicator,RSI_State,Oversold,Bearish,Bearish,Oversold,Negative,0.008082659199809994,0.03427634373729571,0.06121841926156679,1,1,1,AGARWALEYE,,0,0,0
2025-06-02,Indicator,CMF_State,Negative,Bearish,Bearish,Oversold,Negative,0.008082659199809994,0.03427634373729571,0.06121841926156679,1,1,1,AGARWALEYE,,0,0,0
2025-06-03,Indicator,EMA_Trend,Bearish,Bearish,Bearish,Oversold,Negative,0.02598366740905722,0.05270972531551599,0.09250183785147548,1,1,1,AGARWALEYE,,0,0,0
2025-06-03,Indicator,MACD_Trend,Bearish,Bearish,Bearish,Oversold,Negative,0.02598366740905722,0.05270972531551599,0.09250183785147548,1,1,1,AGARWALEYE,,0,0,0
2025-06-03,Indicator,RSI_State,Oversold,Bearish,Bearish,Oversold,Negative,0.02598366740905722,0.05270972531551599,0.09250183785147548,1,1,1,AGARWALEYE,,0,0,0
2025-06-03,Indicator,CMF_State,Negative,Bearish,Bearish,Oversold,Negative,0.02598366740905722,0.05270972531551599,0.09250183785147548,1,1,1,AGARWALEYE,,0,0,0
2025-06-04,Indicator,EMA_Trend,Bearish,Bearish,Bearish,Neutral,Negative,0.026049204052098318,0.06483355686392,0.085238819701972,1,1,1,AGARWALEYE,,0,0,0
2025-06-04,Indicator,MACD_Trend,Bearish,Bearish,Bearish,Neutral,Negative,0.026049204052098318,0.06483355686392,0.085238819701972,1,1,1,AGARWALEYE,,0,0,0
2025-06-04,Indicator,CMF_State,Negative,Bearish,Bearish,Neutral,Negative,0.026049204052098318,0.06483355686392,0.085238819701972,1,1,1,AGARWALEYE,,0,0,0
2025-06-05,Indicator,EMA_Trend,Bearish,Bearish,Bearish,Neutral,Negative,0.037799700695301475,0.05768691736821241,0.05796893594631536,1,1,1,AGARWALEYE,,0,0,0
2025-06-05,Indicator,MACD_Trend,Bearish,Bearish,Bearish,Neutral,Negative,0.037799700695301475,0.05768691736821241,0.05796893594631536,1,1,1,AGARWALEYE,,0,0,0
2025-06-05,Indicator,CMF_State,Negative,Bearish,Bearish,Neutral,Negative,0.037799700695301475,0.05768691736821241,0.05796893594631536,1,1,1,AGARWALEYE,,0,0,0
2025-06-06,Indicator,EMA_Trend,Bearish,Bearish,Bearish,Neutral,Negative,0.0191628660709644,0.019434612707539767,-0.009649328219254127,1,1,-1,AGARWALEYE,,0,0,1
2025-06-06,Indicator,MACD_Trend,Bearish,Bearish,Bearish,Neutral,Negative,0.0191628660709644,0.019434612707539767,-0.009649328219254127,1,1,-1,AGARWALEYE,,0,0,1
2025-06-06,Indicator,CMF_State,Negative,Bearish,Bearish,Neutral,Negative,0.0191628660709644,0.019434612707539767,-0.009649328219254127,1,1,-1,AGARWALEYE,,0,0,0
2025-06-09,Indicator,EMA_Trend,Bearish,Bearish,Bullish,Neutral,Negative,0.00026663710543450847,-0.02827045141596851,-0.007067673897285465,1,-1,-1,AGARWALEYE,,0,1,1
2025-06-09,Indicator,MACD_Trend,Bullish,Bearish,Bullish,Neutral,Negative,0.00026663710543450847,-0.02827045141596851,-0.007067673897285465,1,-1,-1,AGARWALEYE,,1,0,0
2025-06-09,Indicator,CMF_State,Negative,Bearish,Bullish,Neutral,Negative,0.00026663710543450847,-0.02827045141596851,-0.007067673897285465,1,-1,-1,AGARWALEYE,,0,0,0
2025-06-10,Indicator,EMA_Trend,Bearish,Bearish,Bullish,Neutral,Negative,-0.02852948150303547,-0.007332355924560163,0.0005332947968035295,-1,-1,1,AGARWALEYE,,1,1,0
2025-06-10,Indicator,MACD_Trend,Bullish,Bearish,Bullish,Neutral,Negative,-0.02852948150303547,-0.007332355924560163,0.0005332947968035295,-1,-1,1,AGARWALEYE,,0,0,1
2025-06-10,Indicator,CMF_State,Negative,Bearish,Bullish,Neutral,Negative,-0.02852948150303547,-0.007332355924560163,0.0005332947968035295,-1,-1,1,AGARWALEYE,,0,0,0
2025-06-11,Candlestick,CDL_BULLISH_ENGULFING,Bearish,Bearish,Bullish,Neutral,Negative,0.02181962825930217,0.029916272029339774,0.05653905793448244,1,1,1,AGARWALEYE,,0,0,0
2025-06-11,Indicator,EMA_Trend,Bearish,Bearish,Bullish,Neutral,Negative,0.02181962825930217,0.029916272029339774,0.05653905793448244,1,1,1,AGARWALEYE,,0,0,0
2025-06-11,Indicator,MACD_Trend,Bullish,Bearish,Bullish,Neutral,Negative,0.02181962825930217,0.029916272029339774,0.05653905793448244,1,1,1,AGARWALEYE,,1,1,1
2025-06-11,Indicator,CMF_State,Negative,Bearish,Bullish,Neutral,Negative,0.02181962825930217,0.029916272029339774,0.05653905793448244,1,1,1,AGARWALEYE,,0,0,0
2025-06-12,Indicator,EMA_Trend,Bearish,Bearish,Bullish,Neutral,Negative,0.00792375048014149,0.033978041441937945,0.06097236892646474,1,1,1,AGARWALEYE,,0,0,0
2025-06-12,Indicator,MACD_Trend,Bullish,Bearish,Bullish,Neutral,Negative,0.00792375048014149,0.033978041441937945,0.06097236892646474,1,1,1,AGARWALEYE,,1,1,1
2025-06-12,Indicator,CMF_State,Negative,Bearish,Bullish,Neutral,Negative,0.00792375048014149,0.033978041441937945,0.06097236892646474,1,1,1,AGARWALEYE,,0,0,0
2025-06-13,Indicator,EMA_Trend,Bearish,Bearish,Bullish,Neutral,Negative,0.02584946624125606,0.05263157894736836,0.06315792726723868,1,1,1,AGARWALEYE,,0,0,0
2025-06-13,Indicator,MACD_Trend,Bullish,Bearish,Bullish,Neutral,Negative,0.02584946624125606,0.05263157894736836,0.06315792726723868,1,1,1,AGARWALEYE,,1,1,1
2025-06-13,Indicator,CMF_State,Negative,Bearish,Bullish,Neutral,Negative,0.02584946624125606,0.05263157894736836,0.06315792726723868,1,1,1,AGARWALEYE,,0,0,0
2025-06-16,Indicator,EMA_Trend,Bearish,Bearish,Bullish,Neutral,Negative,0.026107254122033074,0.036368358373945586,0.05961808276839409,1,1,1,AGARWALEYE,,0,0,0
2025-06-16,Indicator,MACD_Trend,Bullish,Bearish,Bullish,Neutral,Negative,0.026107254122033074,0.036368358373945586,0.05961808276839409,1,1,1,AGARWALEYE,,1,1,1
2025-06-16,Indicator,CMF_State,Negative,Bearish,Bullish,Neutral,Negative,0.026107254122033074,0.036368358373945586,0.05961808276839409,1,1,1,AGARWALEYE,,0,0,0
2025-06-17,Indicator,EMA_Trend,Bearish,Bearish,Bullish,Neutral,Negative,0.0100000309038768,0.032658212396162956,0.02101262732397169,1,1,1,AGARWALEYE,,0,0,0
2025-06-17,Indicator,MACD_Trend,Bullish,Bearish,Bullish,Neutral,Negative,0.0100000309038768,0.032658212396162956,0.02101262732397169,1,1,1,AGARWALEYE,,1,1,1
2025-06-17,Indicator,CMF_State,Negative,Bearish,Bullish,Neutral,Negative,0.0100000309038768,0.032658212396162956,0.02101262732397169,1,1,1,AGARWALEYE,,0,0,0
2025-06-18,Candlestick,CDL_ADVANCE_BLOCK,Bearish,Bearish,Bullish,Neutral,Negative,0.022433842375241042,0.010903560478349172,-0.01604217124510643,1,1,-1,AGARWALEYE,,0,0,1
2025-06-18,Indicator,EMA_Trend,Bearish,Bearish,Bullish,Neutral,Negative,0.022433842375241042,0.010903560478349172,-0.01604217124510643,1,1,-1,AGARWALEYE,,0,0,1
2025-06-18,Indicator,MACD_Trend,Bullish,Bearish,Bullish,Neutral,Negative,0.022433842375241042,0.010903560478349172,-0.01604217124510643,1,1,-1,AGARWALEYE,,1,1,0
2025-06-18,Indicator,CMF_State,Negative,Bearish,Bullish,Neutral,Negative,0.022433842375241042,0.010903560478349172,-0.01604217124510643,1,1,-1,AGARWALEYE,,0,0,0
2025-06-19,Indicator,EMA_Trend,Bearish,Bearish,Bullish,Neutral,Negative,-0.011277288973637334,-0.037631788019616974,-0.013851419419040778,-1,-1,-1,AGARWALEYE,,1,1,1
2025-06-19,Indicator,MACD_Trend,Bullish,Bearish,Bullish,Neutral,Negative,-0.011277288973637334,-0.037631788019616974,-0.013851419419040778,-1,-1,-1,AGARWALEYE,,0,0,0
2025-06-19,Indicator,CMF_State,Negative,Bearish,Bullish,Neutral,Negative,-0.011277288973637334,-0.037631788019616974,-0.013851419419040778,-1,-1,-1,AGARWALEYE,,0,0,0
2025-06-20,Indicator,EMA_Trend,Bearish,Bearish,Bullish,Neutral,Negative,-0.026655096269227796,-0.002603490763078864,-0.003595293164743496,-1,-1,-1,AGARWALEYE,,1,1,1
2025-06-20,Indicator,MACD_Trend,Bullish,Bearish,Bullish,Neutral,Negative,-0.026655096269227796,-0.002603490763078864,-0.003595293164743496,-1,-1,-1,AGARWALEYE,,0,0,0
2025-06-20,Indicator,CMF_State,Negative,Bearish,Bullish,Neutral,Negative,-0.026655096269227796,-0.002603490763078864,-0.003595293164743496,-1,-1,-1,AGARWALEYE,,0,0,0
2025-06-23,Indicator,EMA_Trend,Bearish,Bearish,Bullish,Neutral,Negative,0.024710259861597583,0.023691296904208903,0.01885116455019542,1,1,1,AGARWALEYE,,0,0,0
2025-06-23,Indicator,MACD_Trend,Bullish,Bearish,Bullish,Neutral,Negative,0.024710259861597583,0.023691296904208903,0.01885116455019542,1,1,1,AGARWALEYE,,1,1,1
2025-06-23,Indicator,CMF_State,Negative,Bearish,Bullish,Neutral,Negative,0.024710259861597583,0.023691296904208903,0.01885116455019542,1,1,1,AGARWALEYE,,0,0,0
2025-06-24,Indicator,EMA_Trend,Bearish,Bearish,Bullish,Neutral,Negative,-0.0009943912902035112,-0.00571780681906453,-0.011311343177050848,-1,-1,-1,AGARWALEYE,,1,1,1
2025-06-24,Indicator,MACD_Trend,Bullish,Bearish,Bullish,Neutral,Negative,-0.0009943912902035112,-0.00571780681906453,-0.011311343177050848,-1,-1,-1,AGARWALEYE,,0,0,0
2025-06-24,Indicator,CMF_State,Negative,Bearish,Bullish,Neutral,Negative,-0.0009943912902035112,-0.00571780681906453,-0.011311343177050848,-1,-1,-1,AGARWALEYE,,0,0,0
2025-06-25,Candlestick,CDL_HARAMI,Bearish,Bearish,Bullish,Neutral,Positive,-0.004728117127351439,-0.01032722118564633,0.00734100197747245,-1,-1,1,AGARWALEYE,,1,1,0
2025-06-25,Candlestick,CDL_HARAMI_CROSS,Bearish,Bearish,Bullish,Neutral,Positive,-0.004728117127351439,-0.01032722118564633,0.00734100197747245,-1,-1,1,AGARWALEYE,,1,1,0
2025-06-25,Indicator,EMA_Trend,Bearish,Bearish,Bullish,Neutral,Positive,-0.004728117127351439,-0.01032722118564633,0.00734100197747245,-1,-1,1,AGARWALEYE,,1,1,0
2025-06-25,Indicator,MACD_Trend,Bullish,Bearish,Bullish,Neutral,Positive,-0.004728117127351439,-0.01032722118564633,0.00734100197747245,-1,-1,1,AGARWALEYE,,0,0,1
2025-06-25,Indicator,CMF_State,Positive,Bearish,Bullish,Neutral,Positive,-0.004728117127351439,-0.01032722118564633,0.00734100197747245,-1,-1,1,AGARWALEYE,,0,0,0
2025-06-26,Candlestick,CDL_BULLISH_ENGULFING,Bearish,Bullish,Bullish,Neutral,Positive,-0.005625703041197361,0.012126454401574005,0.01062632796670604,-1,1,1,AGARWALEYE,,1,0,0
2025-06-26,Indicator,EMA_Trend,Bullish,Bullish,Bullish,Neutral,Positive,-0.005625703041197361,0.012126454401574005,0.01062632796670604,-1,1,1,AGARWALEYE,,0,1,1
2025-06-26,Indicator,MACD_Trend,Bullish,Bullish,Bullish,Neutral,Positive,-0.005625703041197361,0.012126454401574005,0.01062632796670604,-1,1,1,AGARWALEYE,,0,1,1
2025-06-26,Indicator,CMF_State,Positive,Bullish,Bullish,Neutral,Positive,-0.005625703041197361,0.012126454401574005,0.01062632796670604,-1,1,1,AGARWALEYE,,0,0,0
2025-06-27,Candlestick,CDL_THREE_OUTSIDE_UP,Bearish,Bullish,Bullish,Neutral,Positive,0.0178525908172249,0.016343977371105156,0.024264504903914297,1,1,1,AGARWALEYE,,0,0,0
2025-06-27,Candlestick,CDL_HAMMER,Bullish,Bullish,Bullish,Neutral,Positive,0.0178525908172249,0.016343977371105156,0.024264504903914297,1,1,1,AGARWALEYE,,1,1,1
2025-06-27,Indicator,EMA_Trend,Bullish,Bullish,Bullish,Neutral,Positive,0.0178525908172249,0.016343977371105156,0.024264504903914297,1,1,1,AGARWALEYE,,1,1,1
2025-06-27,Indicator,MACD_Trend,Bullish,Bullish,Bullish,Neutral,Positive,0.0178525908172249,0.016343977371105156,0.024264504903914297,1,1,1,AGARWALEYE,,1,1,1
2025-06-27,Indicator,CMF_State,Positive,Bullish,Bullish,Neutral,Positive,0.0178525908172249,0.016343977371105156,0.024264504903914297,1,1,1,AGARWALEYE,,0,0,0
2025-06-30,Indicator,EMA_Trend,Bullish,Bullish,Bullish,Neutral,Positive,-0.0014821531720113912,0.006299452538153227,0.017169003005468753,-1,1,1,AGARWALEYE,,0,1,1
2025-06-30,Indicator,MACD_Trend,Bullish,Bullish,Bullish,Neutral,Positive,-0.0014821531720113912,0.006299452538153227,0.017169003005468753,-1,1,1,AGARWALEYE,,0,1,1
2025-06-30,Indicator,CMF_State,Positive,Bullish,Bullish,Neutral,Positive,-0.0014821531720113912,0.006299452538153227,0.017169003005468753,-1,1,1,AGARWALEYE,,0,0,0
2025-07-01,Indicator,EMA_Trend,Bullish,Bullish,Bullish,Neutral,Positive,0.00779315636158584,0.0186788410810379,0.030801537143636093,1,1,1,AGARWALEYE,,1,1,1
2025-07-01,Indicator,MACD_Trend,Bullish,Bullish,Bullish,Neutral,Positive,0.00779315636158584,0.0186788410810379,0.030801537143636093,1,1,1,AGARWALEYE,,1,1,1
2025-07-01,Indicator,CMF_State,Positive,Bullish,Bullish,Neutral,Positive,0.00779315636158584,0.0186788410810379,0.030801537143636093,1,1,1,AGARWALEYE,,0,0,0
2025-07-02,Indicator,EMA_Trend,Bullish,Bullish,Bullish,Neutral,Positive,0.010801506887338164,0.02283045944181339,0.04541548968406994,1,1,1,AGARWALEYE,,1,1,1
2025-07-02,Indicator,MACD_Trend,Bullish,Bullish,Bullish,Neutral,Positive,0.010801506887338164,0.02283045944181339,0.04541548968406994,1,1,1,AGARWALEYE,,1,1,1
2025-07-02,Indicator,CMF_State,Positive,Bullish,Bullish,Neutral,Positive,0.010801506887338164,0.02283045944181339,0.04541548968406994,1,1,1,AGARWALEYE,,0,0,0
2025-07-03,Candlestick,CDL_BULLISH_ENGULFING,Bullish,Bullish,Bullish,Neutral,Positive,0.011900410191826083,0.03424409496907255,0.049058924607240595,1,1,1,AGARWALEYE,,1,1,1
2025-07-03,Indicator,EMA_Trend,Bullish,Bullish,Bullish,Neutral,Positive,0.011900410191826083,0.03424409496907255,0.049058924607240595,1,1,1,AGARWALEYE,,1,1,1
2025-07-03,Indicator,MACD_Trend,Bullish,Bullish,Bullish,Neutral,Positive,0.011900410191826083,0.03424409496907255,0.049058924607240595,1,1,1,AGARWALEYE,,1,1,1
2025-07-03,Indicator,CMF_State,Positive,Bullish,Bullish,Neutral,Positive,0.011900410191826083,0.03424409496907255,0.049058924607240595,1,1,1,AGARWALEYE,,0,0,0
2025-07-04,Candlestick,CDL_THREE_OUTSIDE_UP,Bullish,Bullish,Bullish,Neutral,Positive,0.022080912856840218,0.03672151334375928,0.036361440341814655,1,1,1,AGARWALEYE,,1,1,1
2025-07-04,Indicator,EMA_Trend,Bullish,Bullish,Bullish,Neutral,Positive,0.022080912856840218,0.03672151334375928,0.036361440341814655,1,1,1,AGARWALEYE,,1,1,1
2025-07-04,Indicator,MACD_Trend,Bullish,Bullish,Bullish,Neutral,Positive,0.022080912856840218,0.03672151334375928,0.036361440341814655,1,1,1,AGARWALEYE,,1,1,1
2025-07-04,Indicator,CMF_State,Positive,Bullish,Bullish,Neutral,Positive,0.022080912856840218,0.03672151334375928,0.036361440341814655,1,1,1,AGARWALEYE,,0,0,0
2025-07-07,Indicator,EMA_Trend,Bullish,Bullish,Bullish,Overbought,Positive,0.014324306718532576,0.013972012690324664,0.02583069118784076,1,1,1,AGARWALEYE,,1,1,1
2025-07-07,Indicator,MACD_Trend,Bullish,Bullish,Bullish,Overbought,Positive,0.014324306718532576,0.013972012690324664,0.02583069118784076,1,1,1,AGARWALEYE,,1,1,1
2025-07-07,Indicator,RSI_State,Overbought,Bullish,Bullish,Overbought,Positive,0.014324306718532576,0.013972012690324664,0.02583069118784076,1,1,1,AGARWALEYE,,0,0,0
2025-07-07,Indicator,CMF_State,Positive,Bullish,Bullish,Overbought,Positive,0.014324306718532576,0.013972012690324664,0.02583069118784076,1,1,1,AGARWALEYE,,0,0,0
2025-07-08,Indicator,EMA_Trend,Bullish,Bullish,Bullish,Overbought,Positive,-0.0003473189253913045,0.011343891093897662,-0.010880916944571384,-1,1,-1,AGARWALEYE,,0,1,0
2025-07-08,Indicator,MACD_Trend,Bullish,Bullish,Bullish,Overbought,Positive,-0.0003473189253913045,0.011343891093897662,-0.010880916944571384,-1,1,-1,AGARWALEYE,,0,1,0
2025-07-08,Indicator,RSI_State,Overbought,Bullish,Bullish,Overbought,Positive,-0.0003473189253913045,0.011343891093897662,-0.010880916944571384,-1,1,-1,AGARWALEYE,,0,0,0
2025-07-08,Indicator,CMF_State,Positive,Bullish,Bullish,Overbought,Positive,-0.0003473189253913045,0.011343891093897662,-0.010880916944571384,-1,1,-1,AGARWALEYE,,0,0,0
2025-07-09,Candlestick,CDL_HARAMI,Bearish,Bullish,Bullish,Overbought,Positive,0.011695272008595214,-0.010537257808238665,-0.010884626730713665,1,-1,-1,AGARWALEYE,,0,1,1
2025-07-09,Candlestick,CDL_HARAMI_CROSS,Bearish,Bullish,Bullish,Overbought,Positive,0.011695272008595214,-0.010537257808238665,-0.010884626730713665,1,-1,-1,AGARWALEYE,,0,1,1
2025-07-09,Indicator,EMA_Trend,Bullish,Bullish,Bullish,Overbought,Positive,0.011695272008595214,-0.010537257808238665,-0.010884626730713665,1,-1,-1,AGARWALEYE,,1,0,0
2025-07-09,Indicator,MACD_Trend,Bullish,Bullish,Bullish,Overbought,Positive,0.011695272008595214,-0.010537257808238665,-0.010884626730713665,1,-1,-1,AGARWALEYE,,1,0,0
2025-07-09,Indicator,RSI_State,Overbought,Bullish,Bullish,Overbought,Positive,0.011695272008595214,-0.010537257808238665,-0.010884626730713665,1,-1,-1,AGARWALEYE,,0,0,0
2025-07-09,Indicator,CMF_State,Positive,Bullish,Bullish,Overbought,Positive,0.011695272008595214,-0.010537257808238665,-0.010884626730713665,1,-1,-1,AGARWALEYE,,0,0,0
2025-07-10,Candlestick,CDL_BULLISH_ENGULFING,Bullish,Bullish,Bullish,Overbought,Positive,-0.021975520131367055,-0.02231887344346206,-0.010415516188567175,-1,-1,-1,AGARWALEYE,,0,0,0
2025-07-10,Indicator,EMA_Trend,Bullish,Bullish,Bullish,Overbought,Positive,-0.021975520131367055,-0.02231887344346206,-0.010415516188567175,-1,-1,-1,AGARWALEYE,,0,0,0
2025-07-10,Indicator,MACD_Trend,Bullish,Bullish,Bullish,Overbought,Positive,-0.021975520131367055,-0.02231887344346206,-0.010415516188567175,-1,-1,-1,AGARWALEYE,,0,0,0
2025-07-10,Indicator,RSI_State,Overbought,Bullish,Bullish,Overbought,Positive,-0.021975520131367055,-0.02231887344346206,-0.010415516188567175,-1,-1,-1,AGARWALEYE,,0,0,0
2025-07-10,Indicator,CMF_State,Positive,Bullish,Bullish,Overbought,Positive,-0.021975520131367055,-0.02231887344346206,-0.010415516188567175,-1,-1,-1,AGARWALEYE,,0,0,0
2025-07-11,Candlestick,CDL_BULLISH_ENGULFING,Bearish,Bullish,Bullish,Neutral,Positive,-0.00035106821880481753,0.0118197490765799,0.011351681927479484,-1,1,1,AGARWALEYE,,1,0,0
2025-07-11,Indicator,EMA_Trend,Bullish,Bullish,Bullish,Neutral,Positive,-0.00035106821880481753,0.0118197490765799,0.011351681927479484,-1,1,1,AGARWALEYE,,0,1,1
2025-07-11,Indicator,MACD_Trend,Bullish,Bullish,Bullish,Neutral,Positive,-0.00035106821880481753,0.0118197490765799,0.011351681927479484,-1,1,1,AGARWALEYE,,0,1,1
2025-07-11,Indicator,CMF_State,Positive,Bullish,Bullish,Neutral,Positive,-0.00035106821880481753,0.0118197490765799,0.011351681927479484,-1,1,1,AGARWALEYE,,0,0,0
2025-07-14,Candlestick,CDL_INVERTED_HAMMER,Bullish,Bullish,Bullish,Neutral,Positive,0.012175091583100706,0.01170686005279098,0.00667292452069157,1,1,1,AGARWALEYE,,1,1,1
2025-07-14,Indicator,EMA_Trend,Bullish,Bullish,Bullish,Neutral,Positive,0.012175091583100706,0.01170686005279098,0.00667292452069157,1,1,1,AGARWALEYE,,1,1,1
2025-07-14,Indicator,MACD_Trend,Bullish,Bullish,Bullish,Neutral,Positive,0.012175091583100706,0.01170686005279098,0.00667292452069157,1,1,1,AGARWALEYE,,1,1,1
2025-07-14,Indicator,CMF_State,Positive,Bullish,Bullish,Neutral,Positive,0.012175091583100706,0.01170686005279098,0.00667292452069157,1,1,1,AGARWALEYE,,0,0,0
2025-07-15,Indicator,EMA_Trend,Bullish,Bullish,Bullish,Neutral,Positive,-0.0004625993409672624,-0.005435983465867933,0.01318531660417488,-1,-1,1,AGARWALEYE,,0,0,1
2025-07-15,Indicator,MACD_Trend,Bullish,Bullish,Bullish,Neutral,Positive,-0.0004625993409672624,-0.005435983465867933,0.01318531660417488,-1,-1,1,AGARWALEYE,,0,0,1
2025-07-15,Indicator,CMF_State,Positive,Bullish,Bullish,Neutral,Positive,-0.0004625993409672624,-0.005435983465867933,0.01318531660417488,-1,-1,1,AGARWALEYE,,0,0,0
2025-07-16,Indicator,EMA_Trend,Bullish,Bullish,Bullish,Neutral,Positive,-0.004975685873906843,0.013654232384044285,0.02777134883243959,-1,1,1,AGARWALEYE,,0,1,1
2025-07-16,Indicator,MACD_Trend,Bullish,Bullish,Bullish,Neutral,Positive,-0.004975685873906843,0.013654232384044285,0.02777134883243959,-1,1,1,AGARWALEYE,,0,1,1
2025-07-16,Indicator,CMF_State,Positive,Bullish,Bullish,Neutral,Positive,-0.004975685873906843,0.013654232384044285,0.02777134883243959,-1,1,1,AGARWALEYE,,0,0,0
2025-07-17,Indicator,EMA_Trend,Bullish,Bullish,Bullish,Neutral,Positive,0.018723078414735417,0.032910788451543826,0.04663329974116648,1,1,1,AGARWALEYE,,1,1,1
2025-07-17,Indicator,MACD_Trend,Bullish,Bullish,Bullish,Neutral,Positive,0.018723078414735417,0.032910788451543826,0.04663329974116648,1,1,1,AGARWALEYE,,1,1,1
2025-07-17,Indicator,CMF_State,Positive,Bullish,Bullish,Neutral,Positive,0.018723078414735417,0.032910788451543826,0.04663329974116648,1,1,1,AGARWALEYE,,0,0,0
2025-07-18,Candlestick,CDL_BULLISH_ENGULFING,Bullish,Bullish,Bullish,Neutral,Positive,0.01392695457423665,0.027397260273972712,0.026940611399472125,1,1,1,AGARWALEYE,,1,1,1
2025-07-18,Indicator,EMA_Trend,Bullish,Bullish,Bullish,Neutral,Positive,0.01392695457423665,0.027397260273972712,0.026940611399472125,1,1,1,AGARWALEYE,,1,1,1
2025-07-18,Indicator,MACD_Trend,Bullish,Bullish,Bullish,Neutral,Positive,0.01392695457423665,0.027397260273972712,0.026940611399472125,1,1,1,AGARWALEYE,,1,1,1
2025-07-18,Indicator,CMF_State,Positive,Bullish,Bullish,Neutral,Positive,0.01392695457423665,0.027397260273972712,0.026940611399472125,1,1,1,AGARWALEYE,,0,0,0
2025-07-21,Candlestick,CDL_THREE_OUTSIDE_UP,Bullish,Bullish,Bullish,Overbought,Positive,0.01328528217833247,0.012834905676908592,0.021053830162155673,1,1,1,AGARWALEYE,,1,1,1
2025-07-21,Indicator,EMA_Trend,Bullish,Bullish,Bullish,Overbought,Positive,0.01328528217833247,0.012834905676908592,0.021053830162155673,1,1,1,AGARWALEYE,,1,1,1
2025-07-21,Indicator,MACD_Trend,Bullish,Bullish,Bullish,Overbought,Positive,0.01328528217833247,0.012834905676908592,0.021053830162155673,1,1,1,AGARWALEYE,,1,1,1
2025-07-21,Indicator,RSI_State,Overbought,Bullish,Bullish,Overbought,Positive,0.01328528217833247,0.012834905676908592,0.021053830162155673,1,1,1,AGARWALEYE,,0,0,0
2025-07-21,Indicator,CMF_State,Positive,Bullish,Bullish,Overbought,Positive,0.01328528217833247,0.012834905676908592,0.021053830162155673,1,1,1,AGARWALEYE,,0,0,0
2025-07-22,Indicator,EMA_Trend,Bullish,Bullish,Bullish,Overbought,Positive,-0.0004444715711804381,0.007666693793402901,0.018888888888888955,-1,1,1,AGARWALEYE,,0,1,1
2025-07-22,Indicator,MACD_Trend,Bullish,Bullish,Bullish,Overbought,Positive,-0.0004444715711804381,0.007666693793402901,0.018888888888888955,-1,1,1,AGARWALEYE,,0,1,1
2025-07-22,Indicator,RSI_State,Overbought,Bullish,Bullish,Overbought,Positive,-0.0004444715711804381,0.007666693793402901,0.018888888888888955,-1,1,1,AGARWALEYE,,0,0,0
2025-07-22,Indicator,CMF_State,Positive,Bullish,Bullish,Overbought,Positive,-0.0004444715711804381,0.007666693793402901,0.018888888888888955,-1,1,1,AGARWALEYE,,0,0,0
2025-07-23,Candlestick,CDL_HARAMI,Bearish,Bullish,Bullish,Overbought,Positive,0.008114772150110694,0.019341957410269117,-0.0010004039610163051,1,1,-1,AGARWALEYE,,0,0,1
2025-07-23,Candlestick,CDL_HARAMI_CROSS,Bearish,Bullish,Bullish,Overbought,Positive,0.008114772150110694,0.019341957410269117,-0.0010004039610163051,1,1,-1,AGARWALEYE,,0,0,1
2025-07-23,Indicator,EMA_Trend,Bullish,Bullish,Bullish,Overbought,Positive,0.008114772150110694,0.019341957410269117,-0.0010004039610163051,1,1,-1,AGARWALEYE,,1,1,0
2025-07-23,Indicator,MACD_Trend,Bullish,Bullish,Bullish,Overbought,Positive,0.008114772150110694,0.019341957410269117,-0.0010004039610163051,1,1,-1,AGARWALEYE,,1,1,0
2025-07-23,Indicator,RSI_State,Overbought,Bullish,Bullish,Overbought,Positive,0.008114772150110694,0.019341957410269117,-0.0010004039610163051,1,1,-1,AGARWALEYE,,0,0,0
2025-07-23,Indicator,CMF_State,Positive,Bullish,Bullish,Overbought,Positive,0.008114772150110694,0.019341957410269117,-0.0010004039610163051,1,1,-1,AGARWALEYE,,0,0,0
2025-07-24,Candlestick,CDL_BULLISH_ENGULFING,Bullish,Bullish,Bullish,Overbought,Positive,0.011136812563725451,-0.009041803932389625,-0.01808360786477925,1,-1,-1,AGARWALEYE,,1,0,0
2025-07-24,Indicator,EMA_Trend,Bullish,Bullish,Bullish,Overbought,Positive,0.011136812563725451,-0.009041803932389625,-0.01808360786477925,1,-1,-1,AGARWALEYE,,1,0,0
2025-07-24,Indicator,MACD_Trend,Bullish,Bullish,Bullish,Overbought,Positive,0.011136812563725451,-0.009041803932389625,-0.01808360786477925,1,-1,-1,AGARWALEYE,,1,0,0
2025-07-24,Indicator,RSI_State,Overbought,Bullish,Bullish,Overbought,Positive,0.011136812563725451,-0.009041803932389625,-0.01808360786477925,1,-1,-1,AGARWALEYE,,0,0,0
2025-07-24,Indicator,CMF_State,Positive,Bullish,Bullish,Overbought,Positive,0.011136812563725451,-0.009041803932389625,-0.01808360786477925,1,-1,-1,AGARWALEYE,,0,0,0
2025-07-25,Candlestick,CDL_THREE_OUTSIDE_UP,Bullish,Bullish,Bullish,Overbought,Positive,-0.019956366186443586,-0.0288985823336968,-0.007306447335911903,-1,-1,-1,AGARWALEYE,,0,0,0
2025-07-25,Indicator,EMA_Trend,Bullish,Bullish,Bullish,Overbought,Positive,-0.019956366186443586,-0.0288985823336968,-0.007306447335911903,-1,-1,-1,AGARWALEYE,,0,0,0
2025-07-25,Indicator,MACD_Trend,Bullish,Bullish,Bullish,Overbought,Positive,-0.019956366186443586,-0.0288985823336968,-0.007306447335911903,-1,-1,-1,AGARWALEYE,,0,0,0
2025-07-25,Indicator,RSI_State,Overbought,Bullish,Bullish,Overbought,Positive,-0.019956366186443586,-0.0288985823336968,-0.007306447335911903,-1,-1,-1,AGARWALEYE,,0,0,0
2025-07-25,Indicator,CMF_State,Positive,Bullish,Bullish,Overbought,Positive,-0.019956366186443586,-0.0288985823336968,-0.007306447335911903,-1,-1,-1,AGARWALEYE,,0,0,0
2025-07-28,Indicator,EMA_Trend,Bullish,Bullish,Bullish,Neutral,Positive,-0.009124304101091107,0.012907505762073113,0.0166907753379939,-1,1,1,AGARWALEYE,,0,1,1
2025-07-28,Indicator,MACD_Trend,Bullish,Bullish,Bullish,Neutral,Positive,-0.009124304101091107,0.012907505762073113,0.0166907753379939,-1,1,1,AGARWALEYE,,0,1,1
2025-07-28,Indicator,CMF_State,Positive,Bullish,Bullish,Neutral,Positive,-0.009124304101091107,0.012907505762073113,0.0166907753379939,-1,1,1,AGARWALEYE,,0,0,0
2025-07-29,Indicator,EMA_Trend,Bullish,Bullish,Bearish,Neutral,Positive,0.022234685898897988,0.02605279304551522,0.014823146779372465,1,1,1,AGARWALEYE,,1,1,1
2025-07-29,Indicator,MACD_Trend,Bearish,Bullish,Bearish,Neutral,Positive,0.022234685898897988,0.02605279304551522,0.014823146779372465,1,1,1,AGARWALEYE,,0,0,0
2025-07-29,Indicator,CMF_State,Positive,Bullish,Bearish,Neutral,Positive,0.022234685898897988,0.02605279304551522,0.014823146779372465,1,1,1,AGARWALEYE,,0,0,0
2025-07-30,Candlestick,CDL_BULLISH_ENGULFING,Bullish,Bullish,Bearish,Neutral,Positive,0.0037350592767839697,-0.0072503303025843735,0.0005492694789683839,1,-1,1,AGARWALEYE,,1,0,1
2025-07-30,Indicator,EMA_Trend,Bullish,Bullish,Bearish,Neutral,Positive,0.0037350592767839697,-0.0072503303025843735,0.0005492694789683839,1,-1,1,AGARWALEYE,,1,0,1
2025-07-30,Indicator,MACD_Trend,Bearish,Bullish,Bearish,Neutral,Positive,0.0037350592767839697,-0.0072503303025843735,0.0005492694789683839,1,-1,1,AGARWALEYE,,0,1,0
2025-07-30,Indicator,CMF_State,Positive,Bullish,Bearish,Neutral,Positive,0.0037350592767839697,-0.0072503303025843735,0.0005492694789683839,1,-1,1,AGARWALEYE,,0,0,0
2025-07-31,Candlestick,CDL_THREE_OUTSIDE_UP,Bullish,Bullish,Bearish,Neutral,Positive,-0.010944511181350536,-0.003173934962589664,0.005472255590675212,-1,-1,1,AGARWALEYE,,0,0,1
2025-07-31,Indicator,EMA_Trend,Bullish,Bullish,Bearish,Neutral,Positive,-0.010944511181350536,-0.003173934962589664,0.005472255590675212,-1,-1,1,AGARWALEYE,,0,0,1
2025-07-31,Indicator,MACD_Trend,Bearish,Bullish,Bearish,Neutral,Positive,-0.010944511181350536,-0.003173934962589664,0.005472255590675212,-1,-1,1,AGARWALEYE,,1,1,0
2025-07-31,Indicator,CMF_State,Positive,Bullish,Bearish,Neutral,Positive,-0.010944511181350536,-0.003173934962589664,0.005472255590675212,-1,-1,1,AGARWALEYE,,0,0,0
2025-08-01,Candlestick,CDL_BULLISH_ENGULFING,Bearish,Bullish,Bearish,Neutral,Positive,0.007856562454390037,0.016598428457875958,-0.010954989797869463,1,1,-1,AGARWALEYE,,0,0,1
2025-08-01,Indicator,EMA_Trend,Bullish,Bullish,Bearish,Neutral,Positive,0.007856562454390037,0.016598428457875958,-0.010954989797869463,1,1,-1,AGARWALEYE,,1,1,0
2025-08-01,Indicator,MACD_Trend,Bearish,Bullish,Bearish,Neutral,Positive,0.007856562454390037,0.016598428457875958,-0.010954989797869463,1,1,-1,AGARWALEYE,,0,0,1
2025-08-01,Indicator,CMF_State,Positive,Bullish,Bearish,Neutral,Positive,0.007856562454390037,0.016598428457875958,-0.010954989797869463,1,1,-1,AGARWALEYE,,0,0,0
2025-08-04,Candlestick,CDL_HARAMI,Bullish,Bullish,Bearish,Neutral,Positive,0.008673720377627259,-0.018664910219414965,-0.04874831354191733,1,-1,-1,AGARWALEYE,,1,0,0
2025-08-04,Indicator,EMA_Trend,Bullish,Bullish,Bearish,Neutral,Positive,0.008673720377627259,-0.018664910219414965,-0.04874831354191733,1,-1,-1,AGARWALEYE,,1,0,0
2025-08-04,Indicator,MACD_Trend,Bearish,Bullish,Bearish,Neutral,Positive,0.008673720377627259,-0.018664910219414965,-0.04874831354191733,1,-1,-1,AGARWALEYE,,0,1,1
2025-08-04,Indicator,CMF_State,Positive,Bullish,Bearish,Neutral,Positive,0.008673720377627259,-0.018664910219414965,-0.04874831354191733,1,-1,-1,AGARWALEYE,,0,0,0
2025-08-05,Indicator,EMA_Trend,Bullish,Bullish,Bearish,Neutral,Negative,-0.027103542052039575,-0.05692825416136238,-0.03309026233822643,-1,-1,-1,AGARWALEYE,,0,0,0
2025-08-05,Indicator,MACD_Trend,Bearish,Bullish,Bearish,Neutral,Negative,-0.027103542052039575,-0.05692825416136238,-0.03309026233822643,-1,-1,-1,AGARWALEYE,,1,1,1
2025-08-05,Indicator,CMF_State,Negative,Bullish,Bearish,Neutral,Negative,-0.027103542052039575,-0.05692825416136238,-0.03309026233822643,-1,-1,-1,AGARWALEYE,,0,0,0
2025-08-06,Candlestick,CDL_BULLISH_ENGULFING,Bearish,Bullish,Bearish,Neutral,Negative,-0.030655587103512905,-0.006153501986032706,-0.0015663049877221447,-1,-1,-1,AGARWALEYE,,1,1,1
2025-08-06,Indicator,EMA_Trend,Bullish,Bullish,Bearish,Neutral,Negative,-0.030655587103512905,-0.006153501986032706,-0.0015663049877221447,-1,-1,-1,AGARWALEYE,,0,0,0
2025-08-06,Indicator,MACD_Trend,Bearish,Bullish,Bearish,Neutral,Negative,-0.030655587103512905,-0.006153501986032706,-0.0015663049877221447,-1,-1,-1,AGARWALEYE,,1,1,1
2025-08-06,Indicator,CMF_State,Negative,Bullish,Bearish,Neutral,Negative,-0.030655587103512905,-0.006153501986032706,-0.0015663049877221447,-1,-1,-1,AGARWALEYE,,0,0,0
2025-08-07,Candlestick,CDL_THREE_OUTSIDE_UP,Bearish,Bullish,Bearish,Neutral,Negative,0.025276965329862344,0.03000923276471923,0.03785778724458244,1,1,1,AGARWALEYE,,0,0,0
2025-08-07,Indicator,EMA_Trend,Bullish,Bullish,Bearish,Neutral,Negative,0.025276965329862344,0.03000923276471923,0.03785778724458244,1,1,1,AGARWALEYE,,1,1,1
2025-08-07,Indicator,MACD_Trend,Bearish,Bullish,Bearish,Neutral,Negative,0.025276965329862344,0.03000923276471923,0.03785778724458244,1,1,1,AGARWALEYE,,0,0,0
2025-08-07,Indicator,CMF_State,Negative,Bullish,Bearish,Neutral,Negative,0.025276965329862344,0.03000923276471923,0.03785778724458244,1,1,1,AGARWALEYE,,0,0,0
2025-08-08,Indicator,EMA_Trend,Bullish,Bullish,Bearish,Neutral,Negative,0.004615599096517542,0.012270656944557867,0.016435930228219986,1,1,1,AGARWALEYE,,1,1,1
2025-08-08,Indicator,MACD_Trend,Bearish,Bullish,Bearish,Neutral,Negative,0.004615599096517542,0.012270656944557867,0.016435930228219986,1,1,1,AGARWALEYE,,0,0,0
2025-08-08,Indicator,CMF_State,Negative,Bullish,Bearish,Neutral,Negative,0.004615599096517542,0.012270656944557867,0.016435930228219986,1,1,1,AGARWALEYE,,0,0,0
2025-08-11,Indicator,EMA_Trend,Bullish,Bullish,Bearish,Neutral,Negative,0.0076198875021695756,0.011766023882500587,0.05087400508389184,1,1,1,AGARWALEYE,,1,1,1
2025-08-11,Indicator,MACD_Trend,Bearish,Bullish,Bearish,Neutral,Negative,0.0076198875021695756,0.011766023882500587,0.05087400508389184,1,1,1,AGARWALEYE,,0,0,0
2025-08-11,Indicator,CMF_State,Negative,Bullish,Bearish,Neutral,Negative,0.0076198875021695756,0.011766023882500587,0.05087400508389184,1,1,1,AGARWALEYE,,0,0,0
2025-08-12,Candlestick,CDL_ADVANCE_BLOCK,Bearish,Bullish,Bearish,Neutral,Negative,0.004114782202849332,0.042927018529721916,-0.031138789612864537,1,1,-1,AGARWALEYE,,0,0,1
2025-08-12,Indicator,EMA_Trend,Bullish,Bullish,Bearish,Neutral,Negative,0.004114782202849332,0.042927018529721916,-0.031138789612864537,1,1,-1,AGARWALEYE,,1,1,0
2025-08-12,Indicator,MACD_Trend,Bearish,Bullish,Bearish,Neutral,Negative,0.004114782202849332,0.042927018529721916,-0.031138789612864537,1,1,-1,AGARWALEYE,,0,0,1
2025-08-12,Indicator,CMF_State,Negative,Bullish,Bearish,Neutral,Negative,0.004114782202849332,0.042927018529721916,-0.031138789612864537,1,1,-1,AGARWALEYE,,0,0,0
2025-08-13,Indicator,EMA_Trend,Bullish,Bullish,Bearish,Neutral,Negative,0.03865318688140973,-0.035109105493272175,0.00011072719374682904,1,-1,1,AGARWALEYE,,1,0,1
2025-08-13,Indicator,MACD_Trend,Bearish,Bullish,Bearish,Neutral,Negative,0.03865318688140973,-0.035109105493272175,0.00011072719374682904,1,-1,1,AGARWALEYE,,0,1,0
2025-08-13,Indicator,CMF_State,Negative,Bullish,Bearish,Neutral,Negative,0.03865318688140973,-0.035109105493272175,0.00011072719374682904,1,-1,1,AGARWALEYE,,0,0,0
2025-08-14,Indicator,EMA_Trend,Bullish,Bullish,Bearish,Neutral,Positive,-0.07101724936324083,-0.03710811286622806,-0.0399872046151899,-1,-1,-1,AGARWALEYE,,0,0,0
2025-08-14,Indicator,MACD_Trend,Bearish,Bullish,Bearish,Neutral,Positive,-0.07101724936324083,-0.03710811286622806,-0.0399872046151899,-1,-1,-1,AGARWALEYE,,1,1,1
2025-08-14,Indicator,CMF_State,Positive,Bullish,Bearish,Neutral,Positive,-0.07101724936324083,-0.03710811286622806,-0.0399872046151899,-1,-1,-1,AGARWALEYE,,0,0,0
2025-08-18,Candlestick,CDL_BULLISH_ENGULFING,Bearish,Bullish,Bearish,Neutral,Negative,0.03650136288727679,0.03340217536523893,0.045110178193649375,1,1,1,AGARWALEYE,,0,0,0
2025-08-18,Indicator,EMA_Trend,Bullish,Bullish,Bearish,Neutral,Negative,0.03650136288727679,0.03340217536523893,0.045110178193649375,1,1,1,AGARWALEYE,,1,1,1
2025-08-18,Indicator,MACD_Trend,Bearish,Bullish,Bearish,Neutral,Negative,0.03650136288727679,0.03340217536523893,0.045110178193649375,1,1,1,AGARWALEYE,,0,0,0
2025-08-18,Indicator,CMF_State,Negative,Bullish,Bearish,Neutral,Negative,0.03650136288727679,0.03340217536523893,0.045110178193649375,1,1,1,AGARWALEYE,,0,0,0
2025-08-19,Candlestick,CDL_HARAMI,Bullish,Bullish,Bearish,Neutral,Negative,-0.002990046740898422,0.008305647840531671,0.009191570091881207,-1,1,1,AGARWALEYE,,0,1,1
2025-08-19,Indicator,EMA_Trend,Bullish,Bullish,Bearish,Neutral,Negative,-0.002990046740898422,0.008305647840531671,0.009191570091881207,-1,1,1,AGARWALEYE,,0,1,1
2025-08-19,Indicator,MACD_Trend,Bearish,Bullish,Bearish,Neutral,Negative,-0.002990046740898422,0.008305647840531671,0.009191570091881207,-1,1,1,AGARWALEYE,,1,0,0
2025-08-19,Indicator,CMF_State,Negative,Bullish,Bearish,Neutral,Negative,-0.002990046740898422,0.008305647840531671,0.009191570091881207,-1,1,1,AGARWALEYE,,0,0,0
2025-08-20,Indicator,EMA_Trend,Bullish,Bullish,Bearish,Neutral,Negative,0.011329570526859678,0.01221814967138446,0.023436673228019567,1,1,1,AGARWALEYE,,1,1,1
2025-08-20,Indicator,MACD_Trend,Bearish,Bullish,Bearish,Neutral,Negative,0.011329570526859678,0.01221814967138446,0.023436673228019567,1,1,1,AGARWALEYE,,0,0,0
2025-08-20,Indicator,CMF_State,Negative,Bullish,Bearish,Neutral,Negative,0.011329570526859678,0.01221814967138446,0.023436673228019567,1,1,1,AGARWALEYE,,0,0,0
2025-08-21,Candlestick,CDL_BULLISH_ENGULFING,Bullish,Bullish,Bearish,Neutral,Negative,0.0008786247039744843,0.011971471075302054,0.010324024617311967,1,1,1,AGARWALEYE,,1,1,1
2025-08-21,Indicator,EMA_Trend,Bullish,Bullish,Bearish,Neutral,Negative,0.0008786247039744843,0.011971471075302054,0.010324024617311967,1,1,1,AGARWALEYE,,1,1,1
2025-08-21,Indicator,MACD_Trend,Bearish,Bullish,Bearish,Neutral,Negative,0.0008786247039744843,0.011971471075302054,0.010324024617311967,1,1,1,AGARWALEYE,,0,0,0
2025-08-21,Indicator,CMF_State,Negative,Bullish,Bearish,Neutral,Negative,0.0008786247039744843,0.011971471075302054,0.010324024617311967,1,1,1,AGARWALEYE,,0,0,0
2025-08-22,Candlestick,CDL_THREE_OUTSIDE_UP,Bullish,Bullish,Bearish,Neutral,Negative,0.011083108478421755,0.009437108236906466,0.009437108236906466,1,1,1,AGARWALEYE,,1,1,1
2025-08-22,Indicator,EMA_Trend,Bullish,Bullish,Bearish,Neutral,Negative,0.011083108478421755,0.009437108236906466,0.009437108236906466,1,1,1,AGARWALEYE,,1,1,1
2025-08-22,Indicator,MACD_Trend,Bearish,Bullish,Bearish,Neutral,Negative,0.011083108478421755,0.009437108236906466,0.009437108236906466,1,1,1,AGARWALEYE,,0,0,0
2025-08-22,Indicator,CMF_State,Negative,Bullish,Bearish,Neutral,Negative,0.011083108478421755,0.009437108236906466,0.009437108236906466,1,1,1,AGARWALEYE,,0,0,0
2025-08-25,Indicator,EMA_Trend,Bullish,Bullish,Bearish,Neutral,Negative,-0.0016279574129096641,-0.0016279574129096641,-0.04688518674014919,-1,-1,-1,AGARWALEYE,,0,0,0
2025-08-25,Indicator,MACD_Trend,Bearish,Bullish,Bearish,Neutral,Negative,-0.0016279574129096641,-0.0016279574129096641,-0.04688518674014919,-1,-1,-1,AGARWALEYE,,1,1,1
2025-08-25,Indicator,CMF_State,Negative,Bullish,Bearish,Neutral,Negative,-0.0016279574129096641,-0.0016279574129096641,-0.04688518674014919,-1,-1,-1,AGARWALEYE,,0,0,0
2025-08-26,Indicator,EMA_Trend,Bullish,Bullish,Bearish,Neutral,Negative,0.0,-0.0453310263075517,-0.05978910592488862,0,-1,-1,AGARWALEYE,,0,0,0
2025-08-26,Indicator,MACD_Trend,Bearish,Bullish,Bearish,Neutral,Negative,0.0,-0.0453310263075517,-0.05978910592488862,0,-1,-1,AGARWALEYE,,0,1,1
2025-08-26,Indicator,CMF_State,Negative,Bullish,Bearish,Neutral,Negative,0.0,-0.0453310263075517,-0.05978910592488862,0,-1,-1,AGARWALEYE,,0,0,0
2025-08-27,Indicator,EMA_Trend,Bullish,Bullish,Bearish,Neutral,Negative,-0.0453310263075517,-0.05978910592488862,-0.05804981301970957,-1,-1,-1,AGARWALEYE,,0,0,0
2025-08-27,Indicator,MACD_Trend,Bearish,Bullish,Bearish,Neutral,Negative,-0.0453310263075517,-0.05978910592488862,-0.05804981301970957,-1,-1,-1,AGARWALEYE,,1,1,1
2025-08-27,Indicator,CMF_State,Negative,Bullish,Bearish,Neutral,Negative,-0.0453310263075517,-0.05978910592488862,-0.05804981301970957,-1,-1,-1,AGARWALEYE,,0,0,0
2025-08-28,Candlestick,CDL_BULLISH_ENGULFING,Bearish,Bullish,Bearish,Neutral,Negative,-0.01514459987257799,-0.013322719248918702,-0.01275337286648881,-1,-1,-1,AGARWALEYE,,1,1,1
2025-08-28,Indicator,EMA_Trend,Bullish,Bullish,Bearish,Neutral,Negative,-0.01514459987257799,-0.013322719248918702,-0.01275337286648881,-1,-1,-1,AGARWALEYE,,0,0,0
2025-08-28,Indicator,MACD_Trend,Bearish,Bullish,Bearish,Neutral,Negative,-0.01514459987257799,-0.013322719248918702,-0.01275337286648881,-1,-1,-1,AGARWALEYE,,1,1,1
2025-08-28,Indicator,CMF_State,Negative,Bullish,Bearish,Neutral,Negative,-0.01514459987257799,-0.013322719248918702,-0.01275337286648881,-1,-1,-1,AGARWALEYE,,0,0,0
2025-08-29,Indicator,EMA_Trend,Bullish,Bullish,Bearish,Neutral,Negative,0.0018498965669717649,0.0024279980652792688,-0.024858364427224333,1,1,-1,AGARWALEYE,,1,1,0
2025-08-29,Indicator,MACD_Trend,Bearish,Bullish,Bearish,Neutral,Negative,0.0018498965669717649,0.0024279980652792688,-0.024858364427224333,1,1,-1,AGARWALEYE,,0,0,1
2025-08-29,Indicator,CMF_State,Negative,Bullish,Bearish,Neutral,Negative,0.0018498965669717649,0.0024279980652792688,-0.024858364427224333,1,1,-1,AGARWALEYE,,0,0,0
2025-09-01,Candlestick,CDL_HARAMI,Bullish,Bullish,Bearish,Neutral,Negative,0.0005770340450086398,-0.026658944703909282,-0.0412002449013632,1,-1,-1,AGARWALEYE,,1,0,0
2025-09-01,Indicator,EMA_Trend,Bullish,Bullish,Bearish,Neutral,Negative,0.0005770340450086398,-0.026658944703909282,-0.0412002449013632,1,-1,-1,AGARWALEYE,,1,0,0
2025-09-01,Indicator,MACD_Trend,Bearish,Bullish,Bearish,Neutral,Negative,0.0005770340450086398,-0.026658944703909282,-0.0412002449013632,1,-1,-1,AGARWALEYE,,0,1,1
2025-09-01,Indicator,CMF_State,Negative,Bullish,Bearish,Neutral,Negative,0.0005770340450086398,-0.026658944703909282,-0.0412002449013632,1,-1,-1,AGARWALEYE,,0,0,0
2025-09-02,Indicator,EMA_Trend,Bullish,Bullish,Bearish,Neutral,Negative,-0.027220271725417966,-0.041753185936598936,-0.018454440599769306,-1,-1,-1,AGARWALEYE,,0,0,0
2025-09-02,Indicator,MACD_Trend,Bearish,Bullish,Bearish,Neutral,Negative,-0.027220271725417966,-0.041753185936598936,-0.018454440599769306,-1,-1,-1,AGARWALEYE,,1,1,1
2025-09-02,Indicator,CMF_State,Negative,Bullish,Bearish,Neutral,Negative,-0.027220271725417966,-0.041753185936598936,-0.018454440599769306,-1,-1,-1,AGARWALEYE,,0,0,0
2025-09-03,Indicator,EMA_Trend,Bullish,Bullish,Bearish,Neutral,Negative,-0.014939573460230227,0.009011116155963173,0.019563670289745483,-1,1,1,AGARWALEYE,,0,1,1
2025-09-03,Indicator,MACD_Trend,Bearish,Bullish,Bearish,Neutral,Negative,-0.014939573460230227,0.009011116155963173,0.019563670289745483,-1,1,1,AGARWALEYE,,1,0,0
2025-09-03,Indicator,CMF_State,Negative,Bullish,Bearish,Neutral,Negative,-0.014939573460230227,0.009011116155963173,0.019563670289745483,-1,1,1,AGARWALEYE,,0,0,0
2025-09-04,Indicator,EMA_Trend,Bullish,Bullish,Bearish,Neutral,Negative,0.024313929349822017,0.0350265250946844,0.018054887121324636,1,1,1,AGARWALEYE,,1,1,1
2025-09-04,Indicator,MACD_Trend,Bearish,Bullish,Bearish,Neutral,Negative,0.024313929349822017,0.0350265250946844,0.018054887121324636,1,1,1,AGARWALEYE,,0,0,0
2025-09-04,Indicator,CMF_State,Negative,Bullish,Bearish,Neutral,Negative,0.024313929349822017,0.0350265250946844,0.018054887121324636,1,1,1,AGARWALEYE,,0,0,0
2025-09-05,Candlestick,CDL_HARAMI,Bullish,Bullish,Bearish,Neutral,Negative,0.01045831306000311,-0.006110472628708896,0.0032902324241701475,1,-1,1,AGARWALEYE,,1,0,1
2025-09-05,Indicator,EMA_Trend,Bullish,Bullish,Bearish,Neutral,Negative,0.01045831306000311,-0.006110472628708896,0.0032902324241701475,1,-1,1,AGARWALEYE,,1,0,1
2025-09-05,Indicator,MACD_Trend,Bearish,Bullish,Bearish,Neutral,Negative,0.01045831306000311,-0.006110472628708896,0.0032902324241701475,1,-1,1,AGARWALEYE,,0,1,0
2025-09-05,Indicator,CMF_State,Negative,Bullish,Bearish,Neutral,Negative,0.01045831306000311,-0.006110472628708896,0.0032902324241701475,1,-1,1,AGARWALEYE,,0,0,0
2025-09-08,Indicator,EMA_Trend,Bullish,Bullish,Bearish,Neutral,Negative,-0.016397297616896345,-0.007093890508086065,-0.009303407108810391,-1,-1,-1,AGARWALEYE,,0,0,0
2025-09-08,Indicator,MACD_Trend,Bearish,Bullish,Bearish,Neutral,Negative,-0.016397297616896345,-0.007093890508086065,-0.009303407108810391,-1,-1,-1,AGARWALEYE,,1,1,1
2025-09-08,Indicator,CMF_State,Negative,Bullish,Bearish,Neutral,Negative,-0.016397297616896345,-0.007093890508086065,-0.009303407108810391,-1,-1,-1,AGARWALEYE,,0,0,0
2025-09-09,Indicator,EMA_Trend,Bullish,Bullish,Bearish,Neutral,Negative,0.009458500964128813,0.007212150282729812,0.025301518944099044,1,1,1,AGARWALEYE,,1,1,1
2025-09-09,Indicator,MACD_Trend,Bearish,Bullish,Bearish,Neutral,Negative,0.009458500964128813,0.007212150282729812,0.025301518944099044,1,1,1,AGARWALEYE,,0,0,0
2025-09-09,Indicator,CMF_State,Negative,Bullish,Bearish,Neutral,Negative,0.009458500964128813,0.007212150282729812,0.025301518944099044,1,1,1,AGARWALEYE,,0,0,0
2025-09-10,Candlestick,CDL_HARAMI,Bullish,Bullish,Bearish,Neutral,Negative,-0.0022253026540999254,0.015694570866299662,0.046380929008277505,-1,1,1,AGARWALEYE,,0,1,1
2025-09-10,Indicator,EMA_Trend,Bullish,Bullish,Bearish,Neutral,Negative,-0.0022253026540999254,0.015694570866299662,0.046380929008277505,-1,1,1,AGARWALEYE,,0,1,1
2025-09-10,Indicator,MACD_Trend,Bearish,Bullish,Bearish,Neutral,Negative,-0.0022253026540999254,0.015694570866299662,0.046380929008277505,-1,1,1,AGARWALEYE,,1,0,0
2025-09-10,Indicator,CMF_State,Negative,Bullish,Bearish,Neutral,Negative,-0.0022253026540999254,0.015694570866299662,0.046380929008277505,-1,1,1,AGARWALEYE,,0,0,0
2025-09-11,Indicator,EMA_Trend,Bullish,Bullish,Bearish,Neutral,Negative,0.017959839599126726,0.048714636472212414,0.031459076211908465,1,1,1,AGARWALEYE,,1,1,1
2025-09-11,Indicator,MACD_Trend,Bearish,Bullish,Bearish,Neutral,Negative,0.017959839599126726,0.048714636472212414,0.031459076211908465,1,1,1,AGARWALEYE,,0,0,0
2025-09-11,Indicator,CMF_State,Negative,Bullish,Bearish,Neutral,Negative,0.017959839599126726,0.048714636472212414,0.031459076211908465,1,1,1,AGARWALEYE,,0,0,0
2025-09-12,Candlestick,CDL_BULLISH_ENGULFING,Bullish,Bullish,Bearish,Neutral,Negative,0.030212190772866965,0.01326106992403342,0.012569145785833014,1,1,1,AGARWALEYE,,1,1,1
2025-09-12,Indicator,EMA_Trend,Bullish,Bullish,Bearish,Neutral,Negative,0.030212190772866965,0.01326106992403342,0.012569145785833014,1,1,1,AGARWALEYE,,1,1,1
2025-09-12,Indicator,MACD_Trend,Bearish,Bullish,Bearish,Neutral,Negative,0.030212190772866965,0.01326106992403342,0.012569145785833014,1,1,1,AGARWALEYE,,0,0,0
2025-09-12,Indicator,CMF_State,Negative,Bullish,Bearish,Neutral,Negative,0.030212190772866965,0.01326106992403342,0.012569145785833014,1,1,1,AGARWALEYE,,0,0,0
2025-09-15,Indicator,EMA_Trend,Bullish,Bullish,Bullish,Neutral,Negative,-0.016454009184376672,-0.01712564182898868,-0.005932447597145618,-1,-1,-1,AGARWALEYE,,0,0,0
2025-09-15,Indicator,MACD_Trend,Bullish,Bullish,Bullish,Neutral,Negative,-0.016454009184376672,-0.01712564182898868,-0.005932447597145618,-1,-1,-1,AGARWALEYE,,0,0,0
2025-09-15,Indicator,CMF_State,Negative,Bullish,Bullish,Neutral,Negative,-0.016454009184376672,-0.01712564182898868,-0.005932447597145618,-1,-1,-1,AGARWALEYE,,0,0,0
